Step;peptides-functional.custom_gnn.da-gcnconv.wothird_ND0.0_L16_0.005.r2 - train/loss;peptides-functional.custom_gnn.da-gcnconv.wothird_ND0.0_L16_0.005.r0 - train/loss;peptides-functional.custom_gnn.da-gcnconv.wothird_ND0.0_L16_0.005.r1 - train/loss;peptides-functional.custom_gnn.da-gcnconv.wothird_ND0.0_L16_0.005.r3 - train/loss;peptides-functional.custom_gnn.da-gcnconv.wothird_ND0.0_L16_0.005.r4 - train/loss;DA-GCN_mean;DA-GCN_std
0;0.70921767;0.6969936;0.68736913;0.68448235;0.69224025;0.6940606;0.009723317
1;0.42796788;0.43115335;0.41759771;0.43450824;0.43449946;0.429145328;0.007003456
2;0.34765624;0.34610554;0.34075655;0.34790084;0.34855163;0.34619416;0.003169525
3;0.32723797;0.32030546;0.32232068;0.3260742;0.3259239;0.324372442;0.002926787
4;0.31634791;0.30749667;0.30775704;0.30772005;0.31372747;0.310609828;0.004148079
5;0.30783681;0.30510252;0.30149217;0.30626758;0.30562403;0.305264622;0.002345683
6;0.29933323;0.30102962;0.29957684;0.29943374;0.29859807;0.2995943;0.00088697
7;0.29125823;0.29524729;0.29233333;0.29640943;0.29208473;0.293466602;0.002230576
8;0.28736411;0.28970177;0.28543404;0.28976283;0.28934852;0.288322254;0.001890196
9;0.28343152;0.28508649;0.28456582;0.29181573;0.28510972;0.286001856;0.003320533
10;0.28131011;0.28289667;0.28022944;0.28394952;0.28013516;0.28170418;0.001677465
11;0.27811465;0.27940209;0.27959507;0.27946872;0.27952951;0.279222008;0.000623151
12;0.27653005;0.27752555;0.27585764;0.27854213;0.27701347;0.277093768;0.00101691
13;0.27573234;0.28691424;0.27648854;0.27827474;0.27297201;0.278076374;0.005296637
14;0.27142148;0.27764856;0.27500386;0.27539843;0.27060042;0.27401455;0.002935991
15;0.26892656;0.2778029;0.27340366;0.2741652;0.26692315;0.272244294;0.004337454
16;0.26826029;0.27573485;0.26967157;0.27093679;0.26537977;0.269996654;0.003815986
17;0.26649431;0.27328929;0.26999258;0.27123233;0.26273563;0.268748828;0.004170489
18;0.26508267;0.27009676;0.26502545;0.26736749;0.26261134;0.266036742;0.002824933
19;0.26430647;0.26726994;0.26938751;0.26503083;0.25888824;0.264976598;0.00394448
20;0.26130889;0.26855613;0.26344465;0.26271204;0.25691644;0.26258763;0.004188392
21;0.25654597;0.26681378;0.26055066;0.260012;0.25299172;0.259382826;0.005144725
22;0.25522823;0.26291691;0.26038399;0.25677053;0.25227741;0.257515414;0.004202012
23;0.25169283;0.25986313;0.25597076;0.25524987;0.25215155;0.254985628;0.003305482
24;0.24896401;0.25687347;0.2567684;0.2532565;0.24765494;0.252703464;0.004292133
25;0.24758184;0.25518581;0.25409816;0.25027163;0.24615162;0.250657812;0.0039451
26;0.24889889;0.25344951;0.25253848;0.25008998;0.24858658;0.250712688;0.002180692
27;0.24549807;0.2513482;0.2495301;0.2465242;0.24600549;0.247781212;0.00253614
28;0.24307452;0.24979765;0.25045686;0.24527932;0.24183143;0.246087956;0.00389557
29;0.24253721;0.24523064;0.24901842;0.24094359;0.24008976;0.243563924;0.00362352
30;0.24220032;0.24543187;0.24591858;0.23913296;0.23823735;0.242184216;0.003513577
31;0.23925571;0.24278295;0.24586883;0.23970023;0.23763262;0.241048068;0.003276586
32;0.23698868;0.24132088;0.24339962;0.23905451;0.23414301;0.23898134;0.003618706
33;0.23561038;0.23959189;0.24444485;0.23778228;0.23338871;0.238163622;0.004211829
34;0.23218933;0.23763126;0.24435299;0.23804394;0.23044362;0.236532228;0.00549066
35;0.23134501;0.23469761;0.2396596;0.23259591;0.23012462;0.23368455;0.003743635
36;0.22874229;0.23410459;0.2400266;0.23321919;0.22727541;0.232673616;0.005025128
37;0.22768159;0.23327805;0.23579103;0.23400203;0.2286694;0.23188442;0.003524493
38;0.22998423;0.22924508;0.23699749;0.23392896;0.22729108;0.231489368;0.003912126
39;0.22552682;0.22784145;0.23618654;0.23187237;0.22877333;0.230040102;0.00412142
40;0.22497656;0.22657776;0.23297738;0.22754783;0.227847;0.227985306;0.003006869
41;0.22064381;0.22603641;0.2343634;0.22702758;0.22456236;0.226526712;0.005009295
42;0.219394;0.22453418;0.2328445;0.22449434;0.22013547;0.224280498;0.005350498
43;0.21849379;0.21972267;0.23113424;0.22116789;0.21906693;0.221917104;0.005248215
44;0.21718331;0.22090638;0.22724515;0.21878426;0.21716882;0.220257584;0.004195513
45;0.21959961;0.21915862;0.2296682;0.23209939;0.21518343;0.22314185;0.007324288
46;0.21986682;0.21951898;0.22853937;0.22249637;0.21230101;0.22054451;0.005856488
47;0.21583004;0.215585;0.22676677;0.21980144;0.21193953;0.217984556;0.005642927
48;0.21073795;0.21178334;0.22441421;0.21623721;0.21417453;0.215469448;0.005437129
49;0.21022109;0.21226794;0.21995662;0.21586013;0.21390004;0.214441164;0.003716802
50;0.20700172;0.20794448;0.22061867;0.21321313;0.2109863;0.21195286;0.005435984
51;0.20711774;0.20561809;0.21638892;0.20725595;0.20640095;0.20855633;0.004426876
52;0.20517874;0.20411295;0.21999727;0.20808168;0.20594806;0.20866374;0.006500337
53;0.19957548;0.20048706;0.21672848;0.20314644;0.20434843;0.204857178;0.006912082
54;0.19878369;0.19927428;0.21680557;0.20297581;0.20716126;0.205000122;0.007408884
55;0.19914637;0.19907659;0.21190808;0.19825767;0.20794531;0.203266804;0.006248747
56;0.19499916;0.19789355;0.21237204;0.19778753;0.20156567;0.20092359;0.006811647
57;0.19168857;0.19710458;0.21086519;0.19422797;0.19828396;0.198434054;0.007408034
58;0.19728663;0.19317854;0.20800234;0.19382728;0.19715946;0.19789085;0.005955265
59;0.19210068;0.19558179;0.20743451;0.1925037;0.19545533;0.196615202;0.006260112
60;0.19167876;0.19215348;0.20846323;0.18910206;0.19109612;0.19449873;0.007892425
61;0.18804169;0.1880033;0.21305925;0.18868417;0.18969138;0.193495958;0.010957518
62;0.18514466;0.18561383;0.20318226;0.18403428;0.18559993;0.188714992;0.008112937
63;0.18411768;0.18534051;0.200846;0.18256334;0.1867756;0.187928626;0.007385729
64;0.18151906;0.18299247;0.19933929;0.18037086;0.18216947;0.18527823;0.007918588
65;0.17668258;0.17734591;0.19691318;0.17616268;0.18134423;0.181689716;0.008751591
66;0.17572501;0.17455765;0.19420637;0.17947342;0.18273043;0.181338576;0.007881771
67;0.173477;0.17300224;0.19135838;0.17483643;0.18020742;0.178576294;0.007699054
68;0.17264867;0.17151073;0.19112744;0.16869665;0.17670427;0.176137552;0.008859525
69;0.17079695;0.17062769;0.18979544;0.16715341;0.17683588;0.175041874;0.008952911
70;0.16589081;0.1682328;0.18932219;0.16780157;0.17508821;0.173267116;0.009626892
71;0.16545565;0.16797156;0.18395024;0.16650911;0.1808084;0.172938992;0.008734906
72;0.16601169;0.17066566;0.18626391;0.16191855;0.17165745;0.171303452;0.009225326
73;0.16500136;0.17098779;0.18219108;0.16314174;0.16728831;0.169722056;0.007559552
74;0.16063144;0.16217722;0.18255492;0.16075189;0.1816031;0.169543714;0.011464187
75;0.15741693;0.16666102;0.18194272;0.15455264;0.17447826;0.167010314;0.011468387
76;0.15932444;0.16635628;0.17516104;0.15789671;0.16696915;0.165141524;0.006919761
77;0.154679;0.15873512;0.17345284;0.15934265;0.16661909;0.16256574;0.007453543
78;0.15635439;0.15416869;0.17542973;0.15282358;0.16171883;0.160099044;0.009216528
79;0.15492551;0.15526528;0.1713646;0.14992548;0.15780153;0.15785648;0.008072763
80;0.15060224;0.14899476;0.16624252;0.14664015;0.15451625;0.153399184;0.007731518
81;0.14670548;0.14590124;0.1681288;0.1446313;0.15583202;0.152239768;0.009925468
82;0.1444595;0.14582397;0.16249772;0.14188675;0.15071855;0.149077298;0.008161091
83;0.14344774;0.1421591;0.16099443;0.1403913;0.14641708;0.14668193;0.008297677
84;0.14452548;0.141455;0.16129852;0.13699262;0.144638;0.145781924;0.009214474
85;0.13900496;0.14058319;0.1584334;0.13463914;0.14282166;0.14309647;0.009081305
86;0.13686037;0.13762798;0.15837007;0.13248989;0.14102614;0.14127489;0.01002835
87;0.14192457;0.13328015;0.1546752;0.12961045;0.1395122;0.139800514;0.009646289
88;0.16953468;0.13458776;0.15488888;0.12690841;0.14158787;0.14550152;0.016925173
89;0.14161578;0.13244395;0.15065711;0.12820836;0.13821225;0.13822749;0.008657489
90;0.13188546;0.12800457;0.1478025;0.12610326;0.13628808;0.134016774;0.008638835
91;0.12844173;0.12503239;0.15040483;0.1253993;0.13288292;0.132432234;0.010528073
92;0.12469326;0.12725774;0.14571021;0.11989345;0.13312888;0.130136708;0.009928884
93;0.12421539;0.12279235;0.14058599;0.11532277;0.12966376;0.126516052;0.009385092
94;0.12302754;0.12117953;0.14382237;0.13524969;0.12638076;0.129931978;0.009461882
95;0.12241711;0.12247175;0.14619787;0.12645243;0.12577017;0.128661866;0.009975839
96;0.12103983;0.11821373;0.15549514;0.1184514;0.12171721;0.126983462;0.016013121
97;0.11735267;0.11796362;0.14341886;0.11136118;0.12016767;0.1220528;0.012381292
98;0.11418809;0.11680639;0.13708576;0.10902462;0.12129983;0.119680938;0.010695094
99;0.10919336;0.11567157;0.13740493;0.10579733;0.12442661;0.11849876;0.012732758
100;0.10984994;0.11116939;0.13009368;0.10523229;0.11798884;0.114866828;0.009660079
101;0.10500718;0.10753554;0.13312124;0.1066743;0.11447042;0.113361736;0.011620372
102;0.10847947;0.10783668;0.12752428;0.10576181;0.11018999;0.111958446;0.008844676
103;0.10617255;0.10385848;0.12449585;0.10261205;0.11204751;0.109837288;0.008960176
104;0.10706102;0.11318484;0.12115736;0.09694289;0.10774088;0.109217398;0.008885338
105;0.10094218;0.10813561;0.120998;0.09723718;0.10736283;0.10693516;0.009074057
106;0.10003361;0.10007835;0.1214816;0.09711522;0.10571777;0.10488531;0.009787109
107;0.10526013;0.10960326;0.12314447;0.09435832;0.10162281;0.106797798;0.010711791
108;0.09859232;0.10932779;0.11724084;0.09039068;0.09790668;0.102691662;0.010568013
109;0.11187756;0.1027555;0.11045646;0.09152711;0.11079764;0.105482854;0.008603447
110;0.0977152;0.09730276;0.10634839;0.09981612;0.09922303;0.1000811;0.003653836
111;0.0944665;0.09331413;0.11070283;0.09255019;0.10103634;0.098413998;0.007646367
112;0.09065842;0.09982329;0.10626902;0.09230474;0.09717469;0.097246032;0.006242489
113;0.08944017;0.09525893;0.10723061;0.08678559;0.09194607;0.094132274;0.007962488
114;0.08938862;0.09460086;0.10518853;0.0812325;0.09195786;0.092473674;0.008693965
115;0.0834521;0.09066848;0.10418842;0.07958304;0.08963746;0.0895059;0.00938159
116;0.08349225;0.08590581;0.09583776;0.08251471;0.08828689;0.087207484;0.005318981
117;0.08487407;0.08179112;0.0966257;0.07795433;0.08686756;0.085622556;0.007011794
118;0.08286169;0.08093278;0.10020842;0.07995675;0.08737794;0.086267516;0.008298594
119;0.07888113;0.07880509;0.09457832;0.0811503;0.09162928;0.085008824;0.007522115
120;0.07719828;0.07891768;0.09457026;0.07920206;0.10085599;0.086148854;0.010815273
121;0.07967647;0.08028519;0.09465494;0.08368881;0.09164684;0.08599045;0.006796727
122;0.07532636;0.08021123;0.09389302;0.07737252;0.0880444;0.082969506;0.007785078
123;0.07552799;0.08393753;0.09094012;0.07399897;0.07870165;0.080621252;0.006909369
124;0.07417628;0.07869031;0.093056;0.07117199;0.07796178;0.079011272;0.008415615
125;0.07621298;0.07384283;0.09076423;0.06893887;0.07289793;0.076531368;0.008377826
126;0.07203129;0.07616556;0.09753257;0.06840016;0.07878006;0.078581928;0.011309113
127;0.07355457;0.07764889;0.0971903;0.07423748;0.07450634;0.079427516;0.010053929
128;0.07175147;0.07725864;0.09042704;0.06831176;0.07447855;0.076445492;0.008488304
129;0.06801123;0.07108321;0.09022115;0.07264601;0.07127451;0.074647222;0.008869411
130;0.07195925;0.07001341;0.08141144;0.06987249;0.07159645;0.072970608;0.004808902
131;0.06633112;0.06687117;0.08198865;0.06625889;0.06767994;0.069825954;0.00682285
132;0.06324509;0.0685015;0.08063237;0.06362962;0.06725684;0.068653084;0.007070314
133;0.06875735;0.07192401;0.0753777;0.062394;0.06965299;0.06962121;0.004780688
134;0.06243676;0.07693432;0.07144728;0.06186885;0.06789603;0.068116648;0.006328294
135;0.06105886;0.06816606;0.07170822;0.06161938;0.07280475;0.067071454;0.005510101
136;0.06162749;0.06449388;0.0706034;0.06190185;0.07282065;0.066289454;0.005135069
137;0.06333848;0.06364904;0.07029626;0.06636423;0.06839262;0.066408126;0.003003873
138;0.06261862;0.06057798;0.07058113;0.06555085;0.0671867;0.065303056;0.003905129
139;0.06170429;0.06006645;0.06902741;0.06050985;0.06587017;0.063435634;0.003876341
140;0.06091083;0.06611214;0.06590626;0.0586356;0.0641605;0.063145066;0.003270547
141;0.05856249;0.06465736;0.0640982;0.05858037;0.06008642;0.061196968;0.002975392
142;0.06780747;0.06353131;0.07010731;0.05324433;0.05707814;0.062353712;0.007107408
143;0.06635173;0.0670069;0.07563921;0.05534306;0.05574795;0.06401777;0.008559799
144;0.06879139;0.06170673;0.08334223;0.05370957;0.05404256;0.064318496;0.012317414
145;0.06113523;0.06180818;0.07133455;0.05097152;0.06150526;0.061350948;0.007205627
146;0.06669971;0.06310722;0.06304766;0.05563347;0.06114564;0.06192674;0.00405113
147;0.06707855;0.05791341;0.05938328;0.05234016;0.05920539;0.059184158;0.005263474
148;0.06421107;0.05756011;0.06069631;0.05280931;0.05918572;0.058892504;0.004195455
149;0.05433609;0.05735791;0.05627324;0.05427299;0.05414542;0.05527713;0.001457438
150;0.05073626;0.05222917;0.0614028;0.05900583;0.05494931;0.055664674;0.004491467
151;0.04593468;0.05339299;0.06049558;0.05537794;0.05167581;0.0533754;0.005314141
152;0.05014739;0.0507609;0.05883812;0.05362931;0.05239818;0.05315478;0.003459517
153;0.05191737;0.04788785;0.05721302;0.05008773;0.05127381;0.051675956;0.003455115
154;0.04794313;0.04785109;0.05664988;0.05017037;0.04822891;0.050168676;0.003744762
155;0.04483091;0.05829592;0.06035894;0.04936372;0.04848098;0.052266094;0.006706075
156;0.04486452;0.06535183;0.05568346;0.04432244;0.0520053;0.05244551;0.008670451
157;0.04341665;0.06414195;0.05315345;0.05535628;0.05048695;0.053311056;0.007539743
158;0.04279659;0.06598907;0.06086036;0.05099744;0.04774802;0.053678296;0.009538133
159;0.04457489;0.06909809;0.0665107;0.04882484;0.04524136;0.054849976;0.011970656
160;0.04809133;0.06270771;0.05909607;0.04501535;0.04559683;0.052101458;0.008216164
161;0.04275434;0.06437447;0.05261564;0.0434706;0.05086179;0.050815368;0.008746688
162;0.04953644;0.06080185;0.04720958;0.04279867;0.05457883;0.050985074;0.006939998
163;0.04792407;0.0500279;0.04935514;0.04970435;0.04700018;0.048802328;0.001288443
164;0.04475425;0.04976652;0.04950706;0.04976397;0.04743785;0.04824593;0.002182425
165;0.04704007;0.04513961;0.04762234;0.0510187;0.04963391;0.048090926;0.002290567
166;0.04360884;0.04822896;0.04661643;0.04890023;0.05424689;0.04832027;0.003891342
167;0.04594091;0.04479345;0.04402789;0.042836;0.0431589;0.04415143;0.00125948
168;0.04638731;0.04551343;0.04733484;0.0385054;0.04462361;0.044472918;0.003484686
169;0.04291915;0.04385022;0.0440537;0.04383004;0.04400679;0.04373198;0.000464573
170;0.03926287;0.04132595;0.04984955;0.03851459;0.04080951;0.041952494;0.004558391
171;0.03789068;0.03849341;0.0493872;0.03599378;0.04614177;0.041581368;0.005833226
172;0.04181074;0.03829952;0.05124632;0.04187851;0.05472365;0.045591748;0.00701118
173;0.05017304;0.03824608;0.04896311;0.04219876;0.05388147;0.046692492;0.00633417
174;0.04403969;0.04118126;0.04888931;0.03615742;0.0481653;0.043686596;0.005249212
175;0.04477502;0.04263787;0.04591087;0.04017669;0.04014001;0.042728092;0.002623735
176;0.04301882;0.0443823;0.04031379;0.04002213;0.03676343;0.040900094;0.002951327
177;0.04139211;0.0405768;0.04022859;0.03844665;0.03576333;0.039281496;0.002241871
178;0.03592303;0.0355931;0.04138916;0.04189576;0.03532501;0.038025212;0.003313711
179;0.03811332;0.03734468;0.03866618;0.05464797;0.03623008;0.041000446;0.007683753
180;0.03943293;0.03718342;0.03935927;0.06604655;0.03888176;0.044180786;0.012257075
181;0.04030597;0.04104101;0.04035549;0.04094335;0.03961313;0.04045179;0.000575043
182;0.03881049;0.04064604;0.04189162;0.03688431;0.03814989;0.03927647;0.001995212
183;0.03923695;0.03984681;0.04113596;0.03580081;0.03679802;0.03856371;0.002206091
184;0.03923493;0.03601509;0.03930558;0.03337665;0.03460232;0.036506914;0.002689913
185;0.03503939;0.04090294;0.0627144;0.03398256;0.03689002;0.041905862;0.011927771
186;0.03590877;0.03823857;0.0511218;0.03180453;0.07435159;0.046285052;0.017271532
187;0.03448243;0.03705393;0.04333167;0.03277845;0.06610256;0.042749808;0.013655678
188;0.03946656;0.04056585;0.03754106;0.03111288;0.04154215;0.0380457;0.004150717
189;0.04287974;0.04060123;0.03486395;0.02945164;0.03414626;0.036388564;0.005370177
190;0.03825118;0.03883156;0.03570181;0.02978553;0.03260368;0.035034752;0.003829836
191;0.0374706;0.03696121;0.03512483;0.03426734;0.03159665;0.035084126;0.002347871
192;0.03501696;0.03998285;0.0349909;0.03574595;0.0315451;0.035456352;0.003011671
193;0.03639456;0.04265993;0.03700175;0.03378333;0.0303005;0.036028014;0.004552687
194;0.03807688;0.04144334;0.03438772;0.03400604;0.03190828;0.035964452;0.003783337
195;0.03601773;0.03434862;0.03998162;0.04285892;0.0318196;0.037005298;0.004417241
196;0.03810707;0.03629483;0.05225933;0.03845445;0.02841279;0.038705694;0.008600562
197;0.0387465;0.03984562;0.04763635;0.03068159;0.03161159;0.03770433;0.006905733
198;0.04700673;0.0346758;0.04671889;0.0306352;0.03587039;0.038981402;0.007452354
199;0.03835331;0.03396383;0.04280789;0.03100816;0.03687626;0.03660189;0.004469518
200;0.03163078;0.03148626;0.03638787;0.03094574;0.03370849;0.032831828;0.002248576
201;0.02948656;0.03009507;0.03657936;0.02884466;0.03250021;0.031501172;0.003157488
202;0.02725948;0.02908991;0.03508884;0.02949466;0.03252495;0.030691568;0.003101387
203;0.02572784;0.02812016;0.03208594;0.02971823;0.03289495;0.029709424;0.002922937
204;0.02644224;0.03023779;0.03004908;0.02901637;0.0297372;0.029096536;0.001554989
205;0.03222717;0.02886956;0.02697583;0.03102817;0.02888573;0.029597292;0.002053756
206;0.0281917;0.02788387;0.02717719;0.03241794;0.02538367;0.028210874;0.002591731
207;0.02628431;0.02910293;0.02900783;0.03299537;0.02580676;0.02863944;0.002867724
208;0.02525309;0.02829476;0.03131664;0.02884067;0.02856761;0.028454554;0.002158026
209;0.02483938;0.0427694;0.03718758;0.02654598;0.0295148;0.032171428;0.007581904
210;0.02763269;0.03582228;0.04666262;0.02413104;0.02642246;0.032134218;0.009241416
211;0.02880926;0.02761744;0.04837421;0.02452576;0.02491872;0.030849078;0.009961025
212;0.02864877;0.02629569;0.03915628;0.0242753;0.02494556;0.02866432;0.006098864
213;0.02553839;0.02380258;0.03156163;0.02767871;0.02516376;0.026749014;0.003028437
214;0.02925139;0.02742686;0.0296106;0.02874107;0.02456455;0.027918894;0.002049824
215;0.03472631;0.0262806;0.02899745;0.02675617;0.03211558;0.029775222;0.003602865
216;0.03440557;0.02942252;0.02743938;0.02514587;0.03682356;0.03064738;0.004856113
217;0.02660282;0.02842103;0.02605483;0.02341125;0.03170769;0.027239524;0.003075103
218;0.02513369;0.02566381;0.02579395;0.02528797;0.03005503;0.02638689;0.002068079
219;0.0244942;0.02851009;0.02595497;0.02308611;0.02684805;0.025778684;0.002093744
220;0.02531696;0.02536644;0.02561557;0.02485056;0.02465501;0.025160908;0.000395462
221;0.02408994;0.0246256;0.02325436;0.02711465;0.02395213;0.024607336;0.001484461
222;0.0207357;0.02436397;0.02455673;0.0288214;0.02645788;0.024987136;0.002979638
223;0.02231148;0.02511407;0.02380779;0.02580774;0.02564479;0.024537174;0.001471366
224;0.02244165;0.02422875;0.02456582;0.02513335;0.02751003;0.02477592;0.001829991
225;0.02175191;0.02453388;0.02596693;0.02431113;0.0316248;0.02563773;0.0036753
226;0.02343903;0.0247385;0.02586521;0.02580455;0.0272161;0.025412678;0.001410716
227;0.02185332;0.02126377;0.02724031;0.0253544;0.02827137;0.024796634;0.003142478
228;0.02340409;0.02498993;0.02525261;0.02685275;0.02729251;0.025558378;0.001560464
229;0.02961734;0.02552253;0.02483888;0.03053589;0.02619307;0.027341542;0.002562919
230;0.02991288;0.02430462;0.02382212;0.03360936;0.02343693;0.027017182;0.004533941
231;0.02605048;0.02064087;0.02375985;0.02668946;0.02120938;0.023670008;0.002739625
232;0.02104064;0.02212074;0.02456989;0.02356696;0.02136599;0.022532844;0.001498082
233;0.021172;0.02311462;0.02508189;0.02247257;0.02365516;0.023099248;0.001444572
234;0.0204221;0.02839413;0.02420103;0.02255908;0.02664138;0.024443544;0.003170948
235;0.02303514;0.02605442;0.02414776;0.02616866;0.02757183;0.025395562;0.001795586
236;0.02267884;0.02827321;0.02639993;0.02577697;0.02521892;0.025669574;0.002029252
237;0.02227302;0.0319558;0.03092326;0.02334066;0.02229577;0.026157702;0.004854624
238;0.02505029;0.04050169;0.02758045;0.02035935;0.0213114;0.026960636;0.008106858
239;0.02123039;0.03151382;0.02601216;0.01872926;0.02038316;0.023573758;0.005199299
240;0.01888796;0.02571246;0.02257967;0.01938179;0.01933726;0.021179828;0.002931935
241;0.0207632;0.02892854;0.02048033;0.01977301;0.01772703;0.021534422;0.004300514
242;0.02427754;0.03154151;0.01954548;0.02129393;0.01810476;0.022952644;0.005324144
243;0.02367117;0.02596296;0.01976372;0.01881436;0.0193322;0.021508882;0.003144769
244;0.0232691;0.02115582;0.02055211;0.02001777;0.01973245;0.02094545;0.001408038
245;0.02087345;0.01907483;0.01930319;0.02540661;0.01852127;0.02063587;0.00280628
246;0.02196536;0.01879593;0.01892478;0.02724231;0.01881667;0.02114901;0.003664653
247;0.01831719;0.01782016;0.02036309;0.02176615;0.02286688;0.020226694;0.002167759
248;0.01843913;0.0182805;0.02280999;0.02164289;0.02106824;0.02044815;0.002007802
249;0.01788451;0.0169913;0.02522435;0.02052957;0.02338663;0.020803272;0.003512296
250;0.01855961;0.01925374;0.02334709;0.01971096;0.02023577;0.020221434;0.001852607
251;0.01883204;0.01763341;0.0215716;0.01941975;0.01964806;0.019420972;0.001433439
252;0.019609;0.01853765;0.03085505;0.02260233;0.01933636;0.022188078;0.00508423
253;0.01860298;0.01712411;0.02703186;0.01999409;0.01938179;0.020426966;0.003845133
254;0.01831721;0.01684307;0.02316637;0.01871406;0.01744656;0.018897454;0.002495974
255;0.0157043;0.01792659;0.02111035;0.03121501;0.0163042;0.02045209;0.006371782
256;0.01539899;0.01582852;0.01939382;0.0289741;0.01616687;0.01915246;0.005713443
257;0.01657981;0.01651725;0.0233711;0.01962656;0.01594248;0.01840744;0.003127029
258;0.0178128;0.01656651;0.01982144;0.0190066;0.01580024;0.017801518;0.001663039
259;0.02000623;0.01723791;0.0179665;0.02011554;0.01745879;0.018556994;0.001398577
260;0.02116215;0.01645789;0.01690445;0.02018802;0.01803762;0.018550026;0.002052665
261;0.01964481;0.0161145;0.01543525;0.01710887;0.02158926;0.017978538;0.002574541
262;0.01917956;0.01559648;0.0165405;0.01619768;0.02667042;0.018836928;0.004588592
263;0.0189003;0.01753989;0.01652222;0.01637381;0.03385704;0.020638652;0.007457947
264;0.01737296;0.01497066;0.01650846;0.01607698;0.03150837;0.019287486;0.006886231
265;0.0168209;0.01933334;0.01543586;0.02075257;0.01900256;0.018269046;0.002119123
266;0.01531058;0.01993828;0.01590012;0.02301018;0.01837344;0.01850652;0.003136796
267;0.01575308;0.01777732;0.01621052;0.02155643;0.01723289;0.017706048;0.002297014
268;0.01645183;0.01614566;0.01599735;0.0183776;0.01682191;0.01675887;0.000958446
269;0.01591282;0.01588761;0.01700784;0.01548172;0.01712959;0.016283916;0.000737821
270;0.01460179;0.01813983;0.01691709;0.01534003;0.01681369;0.016362486;0.001397819
271;0.01469061;0.0159204;0.01822353;0.01470844;0.01649479;0.016007554;0.001464376
272;0.01464648;0.01561718;0.01850496;0.01395572;0.01528845;0.015602558;0.001742769
273;0.01419072;0.01393012;0.01914266;0.01503303;0.01444694;0.015348694;0.002159875
274;0.01402157;0.01384305;0.01773844;0.01437374;0.01430015;0.01485539;0.001625757
275;0.01554178;0.01390613;0.01537363;0.01397318;0.01445808;0.01465056;0.000769281
276;0.01418989;0.01381779;0.01553366;0.01397389;0.01422126;0.014347298;0.000683361
277;0.01475278;0.01503189;0.01443739;0.014927;0.01334061;0.014497934;0.000685058
278;0.01387834;0.01388181;0.01365213;0.01432076;0.01439891;0.01402639;0.000319499
279;0.01390229;0.0151934;0.0133224;0.01379368;0.01444177;0.014130708;0.000715052
280;0.01376049;0.01592678;0.01447798;0.0150118;0.01464269;0.014763948;0.000793256
281;0.0134744;0.01447472;0.01421736;0.01381666;0.0149219;0.014181008;0.00056315
282;0.01553571;0.01471672;0.01588921;0.01325055;0.01447645;0.014773728;0.001029152
283;0.01660597;0.01368345;0.01463727;0.01309013;0.01361271;0.014325906;0.001391418
284;0.0153303;0.01245543;0.01404293;0.01226026;0.01247796;0.013313376;0.001336345
285;0.01485585;0.01296576;0.01364524;0.01299714;0.01398651;0.0136901;0.000783216
286;0.01439108;0.01318928;0.01541018;0.01287278;0.01666546;0.014505756;0.00157283
287;0.01323411;0.01231945;0.01519481;0.01312591;0.01356411;0.013487678;0.001058309
288;0.0139671;0.01214332;0.01476826;0.01268693;0.01367379;0.01344788;0.001042227
289;0.01530455;0.01178002;0.01657637;0.01319777;0.0132212;0.014015982;0.001905037
290;0.01388209;0.01461026;0.01550378;0.01198492;0.01955293;0.015106796;0.0028026
291;0.01514512;0.0157976;0.01417547;0.01246813;0.021912;0.015899664;0.003587346
292;0.01377558;0.01809135;0.01543535;0.01282754;0.02211453;0.01644887;0.003744502
293;0.01270461;0.01487037;0.01798424;0.0122988;0.01811851;0.015195306;0.002784878
294;0.01161509;0.01821333;0.01522628;0.01210846;0.0142459;0.014281812;0.002654478
295;0.01179539;0.01474854;0.01491999;0.01182299;0.0138419;0.013425762;0.001531553
296;0.01081946;0.01466681;0.01468916;0.01143369;0.01251643;0.01282511;0.001797255
297;0.01089646;0.01473604;0.01361787;0.01173869;0.01268705;0.012735222;0.001513174
298;0.01120165;0.01278303;0.01209085;0.01164131;0.01301497;0.012146362;0.000760011
299;0.01126251;0.01404875;0.01183785;0.01268967;0.0124409;0.012455936;0.001048595
300;0.01197952;0.01400341;0.0113164;0.01236747;0.01276486;0.012486332;0.001002351
301;0.01105786;0.01279496;0.0114208;0.01249065;0.01286735;0.012126324;0.000831911
302;0.01161564;0.01213621;0.01156234;0.01250844;0.01183517;0.01193156;0.00039373
303;0.01206369;0.0103379;0.0119495;0.01175803;0.01125901;0.011473626;0.000705594
304;0.01527588;0.01139258;0.01242674;0.0131103;0.01114495;0.01267009;0.001658405
305;0.01477035;0.01067737;0.01141101;0.0132479;0.01035805;0.012092936;0.00186957
306;0.0114352;0.01063395;0.01226756;0.01234201;0.01033626;0.011402996;0.000916462
307;0.01099671;0.01058227;0.01138488;0.01119795;0.0113431;0.011100982;0.000327321
308;0.00987762;0.01120947;0.01066562;0.0128442;0.01053164;0.01102571;0.001121668
309;0.01049182;0.01073226;0.01041573;0.01198393;0.01060277;0.010845302;0.000647602
310;0.00916123;0.00978109;0.01143672;0.01310778;0.01114287;0.010925938;0.001540557
311;0.00977186;0.01024572;0.0103893;0.01408992;0.01230434;0.011360228;0.001806261
312;0.00929442;0.01089428;0.01121506;0.01310612;0.01217413;0.011336802;0.001432967
313;0.00934809;0.00978671;0.01130102;0.01118057;0.0115394;0.010631158;0.00099182
314;0.00935212;0.00939879;0.01062646;0.01106966;0.01061953;0.010213312;0.000786469
315;0.00926327;0.00932914;0.01336179;0.01116155;0.0102879;0.01068073;0.001688903
316;0.01173243;0.00942328;0.0123373;0.01025783;0.01026054;0.010802276;0.001195096
317;0.01270585;0.00869593;0.01196078;0.00937873;0.01079093;0.010706444;0.001686943
318;0.01181964;0.00951909;0.00986077;0.01025524;0.01042734;0.010376416;0.000880493
319;0.01096333;0.00890178;0.00939548;0.0096184;0.01041348;0.009858494;0.000824015
320;0.01058708;0.00886756;0.00986372;0.01003257;0.009261;0.009722386;0.000672215
321;0.01073618;0.00907473;0.00913443;0.00869743;0.0092499;0.009378534;0.000786692
322;0.01014209;0.00895955;0.00976883;0.00892217;0.00993086;0.0095447;0.000567048
323;0.00932165;0.00923315;0.0093082;0.00916606;0.01014167;0.009434146;0.00040043
324;0.00914123;0.00882705;0.00894084;0.00894865;0.01027024;0.009225602;0.000594774
325;0.00855354;0.00851718;0.00896428;0.00923221;0.00920853;0.008895148;0.00034502
326;0.00903497;0.00927391;0.00877699;0.00872155;0.00860385;0.008882254;0.000269783
327;0.0081287;0.00878754;0.00945699;0.00859893;0.00896469;0.00878737;0.000487132
328;0.00791151;0.00918845;0.00861456;0.00787311;0.00896324;0.008510174;0.000600098
329;0.00789529;0.00792242;0.00780688;0.00858579;0.00956547;0.00835517;0.000744546
330;0.00837025;0.00811017;0.00831478;0.00954775;0.00902666;0.008673922;0.000597289
331;0.008762;0.0080045;0.00813791;0.00882913;0.00863283;0.008473274;0.00037672
332;0.00764306;0.00838967;0.00968089;0.00795447;0.00852159;0.008437936;0.00077779
333;0.00732674;0.00995871;0.00886944;0.00843466;0.00910419;0.008738748;0.000965035
334;0.0080433;0.00970189;0.00801147;0.00880712;0.00878208;0.008669172;0.000693284
335;0.0075744;0.00827818;0.0081328;0.00845906;0.00867328;0.008223544;0.000415433
336;0.00792643;0.00813401;0.00856454;0.00842675;0.00869312;0.00834897;0.000314526
337;0.00813848;0.00817824;0.00821961;0.00890866;0.00903311;0.00849562;0.000437023
338;0.00862492;0.00809309;0.00832187;0.00836267;0.00872527;0.008425564;0.000252395
339;0.0078892;0.00819615;0.00837697;0.00870031;0.00842111;0.008316748;0.000299574
340;0.00765881;0.00790561;0.00862303;0.00842019;0.00797839;0.008117206;0.00039428
341;0.00731474;0.00828642;0.00830919;0.0078539;0.00843555;0.00803996;0.000461053
342;0.0074777;0.00826847;0.00787923;0.00785002;0.00836506;0.007968096;0.000357118
343;0.00708043;0.00776285;0.00781587;0.00783005;0.00869588;0.007837016;0.0005736
344;0.00671285;0.00775312;0.00769528;0.00796305;0.00855472;0.007735804;0.000665327
345;0.00729795;0.00742174;0.00737048;0.00772987;0.00832336;0.00762868;0.00042181
346;0.00742677;0.00740981;0.00771637;0.00814155;0.00760106;0.007659112;0.000298131
347;0.00754846;0.00768847;0.00820845;0.00744858;0.00814294;0.00780738;0.000347626
348;0.00709023;0.00752091;0.00768486;0.01333076;0.00756086;0.008637524;0.002633163
349;0.0072568;0.00733816;0.00706898;0.00988802;0.00743114;0.00779662;0.001176709
350;0.00691332;0.00738774;0.00728577;0.00881297;0.00762188;0.007604336;0.000722324
351;0.00692094;0.00708314;0.00693527;0.00874451;0.0073126;0.007399292;0.000768312
352;0.00686134;0.00685906;0.00707643;0.00726456;0.00741007;0.007094292;0.000244247
353;0.00643498;0.00677537;0.00713966;0.00720206;0.00735901;0.006982216;0.000373278
354;0.00669745;0.00660652;0.00658777;0.00731756;0.00733634;0.006909128;0.000383724
355;0.0065428;0.0066063;0.00678104;0.00744513;0.00705501;0.006886056;0.000370211
356;0.00673399;0.00670178;0.00660302;0.00695948;0.00716656;0.006832966;0.000227581
357;0.00627364;0.00649809;0.00670553;0.00684327;0.0068176;0.006627626;0.000240181
358;0.00669439;0.00707712;0.00660203;0.00656759;0.00749458;0.006887142;0.000395483
359;0.00635369;0.00636682;0.00646697;0.00684713;0.00731815;0.006670552;0.000413722
360;0.00664481;0.00643881;0.00655715;0.00681745;0.00705332;0.006702308;0.000239935
361;0.00613298;0.00612254;0.00666551;0.00647203;0.0089919;0.006876992;0.001204606
362;0.00618114;0.00646825;0.00637012;0.00655947;0.00785339;0.006686474;0.000667249
363;0.00654827;0.00650596;0.0065729;0.00682459;0.00734029;0.006758402;0.000348306
364;0.00633297;0.00645637;0.00681182;0.00657456;0.00760708;0.00675656;0.000507224
365;0.00600559;0.00656085;0.00652648;0.00677012;0.007513;0.006675208;0.000546464
366;0.00611764;0.0061009;0.00626169;0.00620665;0.00704197;0.00634577;0.000394691
367;0.00570742;0.00593389;0.00655076;0.00645061;0.00696642;0.00632182;0.000503112
368;0.00628165;0.00634485;0.00622916;0.00613466;0.00657169;0.006312402;0.000164127
369;0.00591288;0.00606628;0.00637353;0.0062991;0.00632537;0.006195432;0.000197399
370;0.00601274;0.00613621;0.00603875;0.00614154;0.00638987;0.006143822;0.000149018
371;0.00572899;0.00598239;0.00628763;0.00601589;0.00619363;0.006041706;0.000215369
372;0.00578638;0.00597302;0.00590558;0.00615048;0.00632001;0.006027094;0.000210153
373;0.00574668;0.00589013;0.00594401;0.00587685;0.00654121;0.005999776;0.000311228
374;0.00582508;0.00589404;0.00580097;0.00627254;0.00591385;0.005941296;0.000190989
375;0.00618608;0.00582954;0.00578085;0.00573429;0.00605289;0.00591673;0.000193932
376;0.00562148;0.00557303;0.00620217;0.00577542;0.00632864;0.005900148;0.000344616
377;0.00551191;0.00610801;0.00569759;0.00588315;0.00612265;0.005864662;0.000263849
378;0.00559025;0.00544803;0.00557817;0.00578516;0.00588556;0.005657434;0.000175358
379;0.00536002;0.00531857;0.0055025;0.00585918;0.00593542;0.005595138;0.000285422
380;0.0054043;0.00531101;0.00541418;0.00566679;0.00584254;0.005527764;0.000219965
381;0.00533935;0.00530553;0.00536123;0.00555556;0.00609097;0.005530528;0.000328084
382;0.00519262;0.00531556;0.00535762;0.00563813;0.00570045;0.005440876;0.000218263
383;0.00546505;0.00504743;0.00519834;0.00550962;0.00565491;0.00537507;0.000246522
384;0.00517734;0.00522288;0.005463;0.00566231;0.00556261;0.005417628;0.000211313
385;0.00517029;0.00527093;0.00513758;0.00548865;0.00536638;0.005286766;0.000144196
386;0.00521418;0.00503544;0.00515993;0.00537962;0.00556961;0.005271756;0.000207375
387;0.00502419;0.00528855;0.00535311;0.00527094;0.00538797;0.005264952;0.00014271
388;0.0052657;0.00518837;0.00507848;0.00515234;0.00547123;0.005231224;0.000150151
389;0.00493609;0.00496285;0.00500282;0.00531299;0.00535854;0.005114658;0.000203871
390;0.00499758;0.00506163;0.00486034;0.00520893;0.00526086;0.005077868;0.00016178
391;0.00491845;0.00491495;0.00485507;0.00531866;0.00527905;0.005057236;0.000222442
392;0.0048016;0.00485339;0.00475864;0.00517925;0.00520789;0.004960154;0.000215941
393;0.00477979;0.00479997;0.00495356;0.00512748;0.00535695;0.00500355;0.000242003
394;0.00482571;0.00477248;0.00485969;0.00528175;0.00529331;0.005006588;0.000258373
395;0.00482849;0.00477853;0.00473927;0.00530022;0.00502531;0.004934364;0.000232205
396;0.0048566;0.00471359;0.00488267;0.00506947;0.00512768;0.004930002;0.00016807
397;0.00466298;0.0047848;0.00482847;0.00504706;0.00483238;0.004831138;0.000138794
398;0.00460819;0.00473746;0.00480018;0.00493292;0.00496061;0.004807872;0.000144789
399;0.00452594;0.00458611;0.0048061;0.0049379;0.00484779;0.004740768;0.000176531
400;0.00456316;0.0046895;0.00465652;0.00490908;0.00465826;0.004695304;0.000128523
401;0.00450408;0.00455426;0.00461284;0.00463317;0.00484723;0.004630316;0.00013142
402;0.00425817;0.00453733;0.00448011;0.00482351;0.00507255;0.004634334;0.00031722
403;0.00431517;0.0044639;0.00432786;0.0048631;0.00477082;0.00454817;0.000254303
404;0.00474569;0.00419249;0.00446509;0.00470473;0.00488872;0.004599344;0.000273777
405;0.00437237;0.00433311;0.00462429;0.00492267;0.00470727;0.004591942;0.000244404
406;0.00443278;0.00462272;0.00429838;0.0045367;0.00459334;0.004496784;0.000132511
407;0.00430962;0.00434364;0.00438237;0.00447251;0.00463045;0.004427718;0.000128627
408;0.00421437;0.00451836;0.0042842;0.00464861;0.00474053;0.004481214;0.000227303
409;0.00426868;0.00422314;0.00420428;0.00460488;0.0043615;0.004332496;0.00016394
410;0.0043873;0.00421482;0.0044961;0.00426785;0.00480125;0.004433464;0.000232677
411;0.00404968;0.00428018;0.00441188;0.00460354;0.00443392;0.00435584;0.000206186
412;0.00437518;0.00428181;0.00397789;0.0042389;0.00445837;0.00426643;0.000182289
413;0.00403555;0.00401673;0.00423701;0.00425472;0.00445914;0.00420063;0.00018176
414;0.00406677;0.00427328;0.00404133;0.00418439;0.00444274;0.004201702;0.000163897
415;0.00404516;0.004075;0.00403622;0.0043878;0.00437457;0.00418375;0.000180864
416;0.00396475;0.0040031;0.00405237;0.00436172;0.00431453;0.004139294;0.000184899
417;0.00405009;0.00396472;0.0040319;0.00423369;0.00431485;0.00411905;0.000148027
418;0.00394251;0.00397366;0.00402412;0.00430575;0.00425524;0.004100256;0.000168044
419;0.00395908;0.00393847;0.00396481;0.00415446;0.00412531;0.004028426;0.000102736
420;0.00390458;0.00391184;0.00393848;0.0039977;0.00404709;0.003959938;6.09504E-05
421;0.0037381;0.00402569;0.00391717;0.00399603;0.00400192;0.003935782;0.000117805
422;0.00375433;0.00383639;0.00380761;0.00403383;0.00401842;0.003890116;0.000127718
423;0.00372946;0.00376444;0.00368675;0.0039731;0.00397866;0.003826482;0.000139142
424;0.00372382;0.00371136;0.00371138;0.00391545;0.00398245;0.003808892;0.00013013
425;0.00360223;0.00376838;0.00369369;0.00399152;0.00402761;0.003816686;0.000186084
426;0.00367784;0.00364116;0.00361569;0.00392729;0.00392682;0.00375776;0.000156116
427;0.00371576;0.00362423;0.0036821;0.00382365;0.00389911;0.00374897;0.000110966
428;0.00346455;0.00367247;0.00367116;0.00383379;0.00389205;0.003706804;0.000167016
429;0.00355161;0.00368197;0.00353034;0.0038723;0.00378107;0.003683458;0.000146646
430;0.00356963;0.00353895;0.00358949;0.00369963;0.00380094;0.003639728;0.000108595
431;0.00347101;0.00356624;0.00360091;0.00376828;0.00376569;0.003634426;0.000130024
432;0.00358677;0.00358181;0.00350908;0.00371273;0.0037261;0.003623298;9.30962E-05
433;0.00348606;0.00344812;0.0035554;0.00366983;0.00370664;0.00357321;0.000112582
434;0.00340265;0.0035501;0.00350694;0.00370075;0.00367636;0.00356736;0.000123239
435;0.00341553;0.00345295;0.00350361;0.00364799;0.00363142;0.0035303;0.000104814
436;0.00333581;0.00345588;0.00342511;0.0035875;0.00361717;0.003484294;0.000116903
437;0.00331194;0.0034309;0.00341592;0.00354692;0.00349931;0.003440998;8.94519E-05
438;0.00331168;0.0033613;0.00338994;0.00347323;0.00364691;0.003436612;0.000131362
439;0.00323643;0.00333413;0.0033145;0.00357436;0.00361056;0.003413996;0.000167453
440;0.00333877;0.00329742;0.00325954;0.00345807;0.00355966;0.003382692;0.000123861
441;0.0032372;0.00323575;0.00336423;0.00349072;0.00354836;0.003375252;0.000143126
442;0.00325505;0.00329538;0.00325177;0.00351198;0.00354572;0.00337198;0.000144721
443;0.00324489;0.00324105;0.00329984;0.00355141;0.0034831;0.003364058;0.000143812
444;0.00329455;0.00326182;0.00330651;0.00340239;0.00342882;0.003338818;7.25843E-05
445;0.00319068;0.00326423;0.00332253;0.00342866;0.0033748;0.00331618;9.2975E-05
446;0.00322048;0.00325709;0.00317768;0.00333345;0.00339351;0.003276442;8.69123E-05
447;0.00313869;0.00317815;0.00324397;0.00331562;0.00332574;0.003240434;8.24222E-05
448;0.00311283;0.00318491;0.0031727;0.00325959;0.00333021;0.003212048;8.41894E-05
449;0.0030637;0.00315027;0.00315212;0.00327611;0.00332143;0.003192726;0.000104423
450;0.00306933;0.00311113;0.00310043;0.00326067;0.0032531;0.003158932;9.07666E-05
451;0.00308024;0.00308013;0.0031054;0.00319393;0.00324112;0.003140164;7.32912E-05
452;0.00299118;0.00309556;0.00309378;0.00317155;0.00319286;0.003108986;7.94337E-05
453;0.00297959;0.00308237;0.00303971;0.00314448;0.00325187;0.003099604;0.000104267
454;0.0029387;0.00299928;0.00303272;0.00315802;0.00318879;0.003063502;0.000106393
455;0.00299065;0.0029834;0.00299176;0.00309417;0.0031759;0.003047176;8.53109E-05
456;0.00292422;0.00298336;0.00301731;0.00311454;0.00316856;0.003041598;9.89938E-05
457;0.00294911;0.00296865;0.00299048;0.00308942;0.00312843;0.003025218;7.90154E-05
458;0.00289804;0.00294976;0.00296968;0.00305359;0.00312201;0.002998616;8.8865E-05
459;0.00289541;0.00294046;0.00294001;0.00305621;0.00307352;0.002981122;7.88444E-05
460;0.00287643;0.00291676;0.00293279;0.00302115;0.0030818;0.002965786;8.36678E-05
461;0.0028511;0.0028935;0.00293319;0.00301316;0.00307586;0.002953362;9.087E-05
462;0.00282821;0.002881;0.00289198;0.0030039;0.00306684;0.002934386;9.78493E-05
463;0.00284511;0.00285491;0.00289262;0.00299102;0.00304777;0.002926286;8.91156E-05
464;0.00282618;0.00285456;0.00287777;0.00298624;0.00303964;0.002916878;9.15433E-05
465;0.00280914;0.00284482;0.00288056;0.00298316;0.00298681;0.002900898;8.08174E-05
466;0.00281296;0.00282307;0.00286066;0.00292606;0.00300636;0.002885822;8.06665E-05
467;0.00276724;0.00281733;0.00285171;0.00293961;0.00300336;0.00287585;9.50363E-05
468;0.00278128;0.00281415;0.0028222;0.00294257;0.00296797;0.002865634;8.37325E-05
469;0.00277858;0.00277326;0.00281945;0.0028981;0.0029593;0.002845738;8.07657E-05
470;0.00275049;0.00278732;0.00282443;0.00288925;0.00293122;0.002836542;7.36826E-05
471;0.00272822;0.00278842;0.0027948;0.00286532;0.00293031;0.002821414;7.78911E-05
472;0.00271133;0.0027621;0.0027887;0.00285977;0.00290045;0.00280447;7.5811E-05
473;0.00270662;0.00274609;0.00276552;0.00284582;0.00290533;0.002793876;8.03451E-05
474;0.00268869;0.0027299;0.00276416;0.00283584;0.00288864;0.002781446;8.06361E-05
475;0.00268781;0.00272392;0.00274514;0.00282523;0.00288725;0.00277387;8.09624E-05
476;0.00268388;0.00270941;0.00274194;0.00282576;0.00287539;0.002767276;8.07067E-05
477;0.00267739;0.00270793;0.00273248;0.00281484;0.00286044;0.002758616;7.64511E-05
478;0.00266791;0.00269939;0.00273215;0.0027968;0.00285502;0.002750254;7.5561E-05
479;0.00265577;0.00269479;0.00272226;0.0027929;0.00284993;0.00274313;7.7922E-05
480;0.00265196;0.00268742;0.00270727;0.00278665;0.00283842;0.002734344;7.63048E-05
481;0.00264103;0.00267363;0.00270449;0.00277422;0.00282823;0.00272432;7.61368E-05
482;0.0026317;0.00267093;0.00269683;0.00276415;0.00282035;0.002716792;7.53483E-05
483;0.00262791;0.00266298;0.00269148;0.00275723;0.00281808;0.002711536;7.61459E-05
484;0.00262046;0.00265472;0.00268423;0.00275556;0.00281018;0.00270503;7.70156E-05
485;0.00261581;0.00264944;0.00267837;0.00274492;0.00280303;0.002698314;7.53839E-05
486;0.00261002;0.00264224;0.0026772;0.00273645;0.00279504;0.00269219;7.41766E-05
487;0.00260359;0.0026404;0.00266798;0.00272958;0.00278846;0.002686002;7.34724E-05
488;0.00259678;0.00263257;0.00266172;0.00272409;0.00278164;0.00267936;7.37935E-05
489;0.00259223;0.00262922;0.00265776;0.0027188;0.00278132;0.002675866;7.49375E-05
490;0.00258808;0.00262187;0.00265141;0.00271832;0.00277443;0.002670822;7.51832E-05
491;0.00258684;0.00261947;0.00264892;0.00271177;0.00277259;0.002667918;7.44329E-05
492;0.00258212;0.00261446;0.0026472;0.00270929;0.00276792;0.002664198;7.46511E-05
493;0.00258136;0.00261381;0.00264429;0.00270689;0.00276398;0.002662066;7.3406E-05
494;0.00257761;0.00261052;0.00264141;0.00270217;0.00276191;0.002658724;7.37187E-05
495;0.00257559;0.00260902;0.00263994;0.00270035;0.00275921;0.002656822;7.33939E-05
496;0.00257313;0.00260788;0.00263827;0.00269763;0.00275735;0.002654852;7.33069E-05
497;0.00257222;0.00260553;0.00263571;0.00269702;0.00275685;0.002653466;7.38228E-05
498;0.00257051;0.00260447;0.00263609;0.00269632;0.0027559;0.002652658;7.40104E-05
499;0.00257041;0.00260404;0.00263453;0.00269519;0.00275402;0.002651638;7.33742E-05
