Step;peptides-functional.custom_gnn.da-sageconv.wothird_ND0.0_L16_0.001.r3 - train/loss;peptides-functional.custom_gnn.da-sageconv.wothird_ND0.0_L16_0.001.r0 - train/loss;peptides-functional.custom_gnn.da-sageconv.wothird_ND0.0_L16_0.001.r1 - train/loss;peptides-functional.custom_gnn.da-sageconv.wothird_ND0.0_L16_0.001.r2 - train/loss;peptides-functional.custom_gnn.da-sageconv.wothird_ND0.0_L16_0.001.r4 - train/loss;DA-SAGE_mean;DA-SAGE_std
0;0.69857583;0.67912577;0.68849118;0.68817699;0.68951465;0.688776884;0.006894729
1;0.44040143;0.41770775;0.41685857;0.42301154;0.41517713;0.422631284;0.010356791
2;0.35431079;0.35405611;0.34517701;0.35214234;0.3508447;0.35130619;0.003710413
3;0.33742195;0.33308708;0.32082379;0.33613336;0.33431187;0.33235561;0.006657403
4;0.31686759;0.3152982;0.30860896;0.31648905;0.31661798;0.314776356;0.003500259
5;0.30548177;0.30463875;0.29792956;0.30772768;0.3058771;0.304330972;0.003752508
6;0.29412;0.29408636;0.2933807;0.29781374;0.29362346;0.294604852;0.00182089
7;0.29126733;0.29121531;0.28487885;0.29119694;0.28832192;0.28937607;0.002811203
8;0.28543849;0.28586548;0.28074001;0.28644416;0.28585932;0.284869492;0.002336007
9;0.28335251;0.2818169;0.27848061;0.28156224;0.28009507;0.281061466;0.001848315
10;0.27914063;0.27881716;0.275633;0.28019829;0.27939991;0.278637798;0.001755689
11;0.27820495;0.27651259;0.27367145;0.27682649;0.27889542;0.27682218;0.002014531
12;0.27680116;0.27443412;0.27098177;0.27599914;0.2759361;0.274830458;0.002315244
13;0.27453221;0.27203063;0.27147693;0.27405651;0.27460992;0.27334124;0.001477576
14;0.27300392;0.27300648;0.27044261;0.27265488;0.27305307;0.272432192;0.001123632
15;0.27137269;0.27194892;0.26822533;0.27255036;0.27351918;0.271523296;0.002007413
16;0.26969195;0.26964301;0.26842739;0.27025944;0.27277585;0.270159528;0.001607859
17;0.2709675;0.26832952;0.26630958;0.26877948;0.2705963;0.268996476;0.001881203
18;0.26899916;0.26620197;0.26623415;0.26855086;0.26797661;0.26759255;0.00130608
19;0.26631439;0.26641543;0.26390241;0.2673266;0.26588184;0.265968134;0.001268864
20;0.26511138;0.26483978;0.2634105;0.26366552;0.26614365;0.264634166;0.001116265
21;0.26575452;0.26342374;0.26123336;0.26147224;0.26608649;0.26359407;0.002290405
22;0.26239736;0.26220031;0.25864158;0.2603097;0.26246046;0.261201882;0.001685317
23;0.261405;0.26031395;0.25868981;0.26093695;0.26311654;0.26089245;0.001612262
24;0.26262634;0.25925441;0.25833631;0.2563843;0.26082132;0.259484536;0.002379116
25;0.26031339;0.25702932;0.25630256;0.25846215;0.25972338;0.25836616;0.001709426
26;0.25956379;0.25843521;0.25638767;0.25454835;0.25861711;0.257510426;0.002020566
27;0.25867212;0.25685637;0.25347648;0.25331321;0.25926668;0.256316972;0.002812002
28;0.25876911;0.25512717;0.25425874;0.25295013;0.25746421;0.255713872;0.002371606
29;0.25674269;0.25462049;0.2526663;0.25407695;0.25424126;0.254469538;0.001470366
30;0.25425941;0.25350237;0.2544142;0.25159864;0.25340924;0.253436772;0.001119809
31;0.25396149;0.25436365;0.25082833;0.2458491;0.25443893;0.2518883;0.003692109
32;0.25380815;0.25094989;0.24902903;0.2487786;0.25209947;0.250933028;0.002115063
33;0.251274;0.24833093;0.24728192;0.24549514;0.25110786;0.24869797;0.002492064
34;0.25157238;0.25006574;0.24858481;0.24449461;0.24759084;0.248461676;0.002681447
35;0.24869881;0.24857679;0.24772462;0.24251632;0.24649483;0.246802274;0.002552469
36;0.24889802;0.24565933;0.24588786;0.24079418;0.24766356;0.24578059;0.003088464
37;0.24783284;0.24636115;0.24280031;0.23840885;0.24454586;0.243989802;0.003649087
38;0.24484918;0.24297021;0.24261722;0.23842428;0.24317831;0.24240784;0.002386557
39;0.24472683;0.24273535;0.24253486;0.23490263;0.2421413;0.241408194;0.003771733
40;0.24360595;0.24084358;0.2378912;0.23562574;0.23971801;0.239536896;0.003012594
41;0.24264245;0.23845552;0.2413301;0.2372956;0.23679583;0.2393039;0.002563924
42;0.239137;0.23819695;0.23767686;0.23263021;0.23458426;0.236445056;0.002731696
43;0.23671925;0.23728887;0.23851137;0.23207226;0.23215982;0.235350314;0.003022795
44;0.23457506;0.23571127;0.23408569;0.22936148;0.23127997;0.233002694;0.002608056
45;0.23280982;0.23234632;0.23281182;0.22771043;0.23042412;0.231220502;0.002195479
46;0.2339301;0.23340796;0.22871293;0.22732216;0.22954182;0.230582994;0.002932481
47;0.23201721;0.2308537;0.22863146;0.22430299;0.2276694;0.228694952;0.003001779
48;0.23241076;0.23122787;0.22805563;0.22256737;0.22579819;0.228011964;0.004007423
49;0.22809544;0.22972768;0.2253312;0.2234159;0.2258783;0.226489704;0.002461051
50;0.22794146;0.22853721;0.22557019;0.22268901;0.22122397;0.225192368;0.003197781
51;0.22381767;0.22723616;0.22619575;0.22127294;0.22023535;0.223751574;0.00302606
52;0.22329739;0.22441741;0.22173071;0.2178246;0.21889719;0.22123346;0.002816163
53;0.22277678;0.22481628;0.21951944;0.21723044;0.21874963;0.220618514;0.00310077
54;0.22128539;0.22686416;0.21802325;0.21642205;0.2149112;0.21950121;0.004746844
55;0.2163892;0.22257479;0.21609728;0.21618455;0.21460911;0.217170986;0.003102475
56;0.21943012;0.22079379;0.21603983;0.21230036;0.21179299;0.216071418;0.004065357
57;0.21371652;0.22056661;0.21239398;0.21107188;0.21031652;0.213613102;0.004097972
58;0.21336054;0.218036;0.21215567;0.21034991;0.21122834;0.213026092;0.003015068
59;0.2124711;0.21520429;0.21075133;0.20623261;0.20727095;0.210386056;0.003696323
60;0.21131926;0.21234981;0.20665894;0.20743481;0.20484113;0.20852079;0.003188987
61;0.20893166;0.21210827;0.2065796;0.20546949;0.20285672;0.207189148;0.003511866
62;0.20684005;0.21148981;0.20367971;0.20294234;0.20166454;0.20532329;0.003939647
63;0.20449612;0.21136557;0.20437897;0.20235744;0.19994316;0.204508252;0.004257515
64;0.20190447;0.20902968;0.20069362;0.19774261;0.19651742;0.20117756;0.0048973
65;0.19891941;0.20415639;0.19906797;0.19810051;0.19768449;0.199585754;0.002618377
66;0.1984462;0.20374553;0.19835443;0.19430471;0.19267734;0.197505642;0.004304061
67;0.19974567;0.20323532;0.19582535;0.19376101;0.19202447;0.196918364;0.004555528
68;0.19846244;0.19953294;0.19430161;0.19315758;0.18823411;0.194737736;0.004523595
69;0.19179127;0.19980175;0.19359035;0.19163981;0.18991278;0.193347192;0.003835742
70;0.19186252;0.19855609;0.19176329;0.18878727;0.18731124;0.191656082;0.004323539
71;0.19321667;0.19577937;0.18815876;0.1906509;0.18599349;0.190759838;0.003896385
72;0.18999329;0.19317684;0.1856419;0.18349182;0.18056209;0.186573188;0.005044818
73;0.18777249;0.1936127;0.1832328;0.18299006;0.18159838;0.185841286;0.004925961
74;0.18534921;0.19027274;0.18249307;0.18172832;0.180608;0.184090268;0.003875046
75;0.17829534;0.19064233;0.18179064;0.18188016;0.1802407;0.182569834;0.004741944
76;0.18160061;0.18782375;0.17915692;0.18017498;0.17643822;0.181038896;0.004236867
77;0.18180236;0.18442257;0.1758441;0.1787025;0.17154729;0.178463764;0.005035147
78;0.17507984;0.18215611;0.17715237;0.17801339;0.17326683;0.177133708;0.003360425
79;0.17465891;0.1834961;0.17572974;0.1712159;0.17045241;0.175110612;0.00519065
80;0.17145872;0.17877967;0.17091758;0.17098422;0.16699562;0.171827162;0.004282371
81;0.16880286;0.17692132;0.1737084;0.17087235;0.16655046;0.171371078;0.004072809
82;0.16616177;0.17411005;0.17174035;0.16525585;0.16356901;0.168167406;0.00452012
83;0.16376273;0.17668153;0.16736533;0.16477864;0.16215996;0.166949638;0.005759626
84;0.16100723;0.17113668;0.16329319;0.16278013;0.15723846;0.163091138;0.005085883
85;0.16239056;0.16786298;0.15927277;0.16133091;0.15363635;0.160898714;0.005155071
86;0.15736672;0.16550079;0.15717155;0.15797095;0.15332105;0.158266212;0.004440954
87;0.15695946;0.160665;0.15756666;0.15860983;0.1529686;0.15735391;0.002827209
88;0.1543531;0.16104074;0.15796305;0.15697622;0.15121125;0.156308872;0.003720989
89;0.14988446;0.15932057;0.15309947;0.15482546;0.14825948;0.153077888;0.004342827
90;0.14911089;0.16120891;0.15232195;0.15343655;0.14819615;0.15285489;0.005151053
91;0.14878928;0.15438616;0.14902206;0.14935591;0.14171146;0.148652974;0.004519485
92;0.14517351;0.15200162;0.1506984;0.14699933;0.14125435;0.147225442;0.004324026
93;0.14164636;0.14728411;0.14711618;0.14309063;0.1410261;0.144032676;0.002987527
94;0.13987958;0.14846893;0.14309421;0.14236585;0.13636778;0.14203527;0.004455055
95;0.136357;0.14906784;0.1421481;0.13933413;0.13682601;0.140746616;0.005192348
96;0.13453118;0.14623489;0.13950759;0.13735278;0.13775422;0.139076132;0.004382007
97;0.13688438;0.14359612;0.14006967;0.13886385;0.13373654;0.138630112;0.003666839
98;0.13040976;0.13781385;0.13579869;0.13696861;0.12901366;0.134000914;0.004010823
99;0.1280367;0.13853478;0.14034563;0.13279891;0.12982962;0.133909128;0.005366228
100;0.12625847;0.13396514;0.12947182;0.12924822;0.12987343;0.129763416;0.002752349
101;0.13026852;0.13226027;0.12925919;0.13027857;0.12635278;0.129683866;0.002156956
102;0.12080107;0.12968387;0.12581351;0.1296867;0.12264704;0.125726438;0.004034057
103;0.12122436;0.12741558;0.12693751;0.12750847;0.11949204;0.124515592;0.003850364
104;0.11899027;0.13285593;0.12932613;0.12084213;0.11875823;0.124154538;0.006504257
105;0.11691522;0.12591924;0.11680645;0.12029396;0.11754715;0.119496404;0.003859627
106;0.11314536;0.12271141;0.11964518;0.11964007;0.11333456;0.117695316;0.004256276
107;0.11252625;0.12369546;0.11542338;0.11364451;0.11180996;0.115419912;0.004822909
108;0.10748579;0.11908539;0.11669276;0.11421958;0.11018722;0.113534148;0.004718249
109;0.11038572;0.11568999;0.11566655;0.11019425;0.10908681;0.112204664;0.003209497
110;0.10892069;0.11720045;0.11301342;0.1102896;0.11042998;0.111970828;0.003276432
111;0.10378647;0.11384701;0.11261328;0.10998462;0.10636404;0.109319084;0.004217193
112;0.09863655;0.11668309;0.10745723;0.1097198;0.10359329;0.107217992;0.006758032
113;0.09816146;0.11353236;0.1096254;0.10373834;0.1034277;0.105697052;0.005970671
114;0.09697675;0.11093348;0.10578395;0.1040472;0.1038429;0.104316856;0.005002664
115;0.09602285;0.10543082;0.10287218;0.1027673;0.10237117;0.101892864;0.00349738
116;0.09822297;0.11085569;0.10245931;0.1012093;0.09814884;0.102179222;0.00520087
117;0.09644319;0.10904991;0.09958676;0.10206295;0.0961088;0.100650322;0.005291624
118;0.09505659;0.10340419;0.09641387;0.09657254;0.10058871;0.09840718;0.003474724
119;0.08957029;0.10549012;0.09401101;0.09627086;0.09737487;0.09654343;0.005827664
120;0.09057205;0.0986363;0.09068737;0.0944016;0.09396384;0.093652232;0.003308229
121;0.08496777;0.09784281;0.09848413;0.09501189;0.09378422;0.094018164;0.005420439
122;0.08496275;0.09645094;0.09026743;0.09033045;0.08665685;0.089733684;0.004415633
123;0.08214826;0.09219562;0.09083954;0.09098341;0.08344635;0.087922636;0.004730635
124;0.08136012;0.08809264;0.09020557;0.08749445;0.08191291;0.085813138;0.00394834
125;0.08233117;0.08868527;0.09035389;0.08730642;0.08391696;0.086518742;0.003328951
126;0.08300361;0.0881701;0.08550343;0.08478611;0.08309532;0.084911714;0.002116786
127;0.07953577;0.08837074;0.08752514;0.08581104;0.08230855;0.084710248;0.003710726
128;0.07634662;0.0847851;0.08405101;0.08168541;0.07965104;0.081303836;0.003432109
129;0.07335836;0.0817236;0.08266993;0.08006695;0.07904692;0.079373152;0.003645506
130;0.0754579;0.07991991;0.08118305;0.08028156;0.08182254;0.079732992;0.002504055
131;0.07400767;0.08289658;0.07958264;0.07702049;0.07754335;0.078210146;0.003292685
132;0.07158492;0.07888538;0.08396188;0.07572725;0.07696749;0.077425384;0.004529396
133;0.06748664;0.08439281;0.0790967;0.07709479;0.0771933;0.077052848;0.006115272
134;0.07361227;0.08101978;0.07993437;0.07934076;0.07218531;0.077218498;0.004020807
135;0.0677484;0.07966574;0.08108184;0.0727757;0.07377358;0.075009052;0.005426666
136;0.06971016;0.07831998;0.07486655;0.07481028;0.07293989;0.074129372;0.003142951
137;0.06356786;0.07433981;0.0713001;0.07542918;0.07096299;0.071119988;0.004637567
138;0.06737513;0.07237322;0.07116668;0.07278968;0.07134882;0.071010706;0.002143435
139;0.06712764;0.07472183;0.06925309;0.06763744;0.06825542;0.069399084;0.003079113
140;0.065527;0.07459028;0.069923;0.06601654;0.06940437;0.069092238;0.003646467
141;0.06447029;0.07951552;0.07184949;0.07031427;0.07046184;0.071322282;0.005387795
142;0.06167664;0.07192036;0.06658849;0.0740602;0.06619328;0.068087794;0.004931992
143;0.0639736;0.06782092;0.06827122;0.0711967;0.06551551;0.06735559;0.002767345
144;0.06060988;0.06634019;0.06393535;0.06800879;0.06099822;0.063978486;0.003242389
145;0.06105104;0.06266614;0.06478068;0.06595935;0.06040457;0.062972356;0.002375443
146;0.05538261;0.06976025;0.06467681;0.06351287;0.06398767;0.063464042;0.005164764
147;0.05597962;0.06645223;0.06558357;0.06719865;0.06054644;0.063152102;0.004780466
148;0.0593983;0.06528004;0.0711897;0.06588754;0.06166802;0.06468472;0.004504516
149;0.0561037;0.06221423;0.06295919;0.06299625;0.06231419;0.061317512;0.002936604
150;0.06002642;0.05928325;0.06255898;0.06406335;0.06336093;0.061858586;0.002097484
151;0.05744136;0.06177802;0.06539974;0.06140966;0.06057074;0.061319904;0.002849006
152;0.05502319;0.06386831;0.06158515;0.0626764;0.05684718;0.060000046;0.003851901
153;0.05219192;0.06508269;0.06034778;0.05449052;0.05591008;0.057604598;0.005131103
154;0.05185379;0.06105898;0.05726234;0.06002271;0.05644938;0.05732944;0.003602948
155;0.05249212;0.05959077;0.05814289;0.06125825;0.05546058;0.057388922;0.003467185
156;0.05423398;0.05644841;0.0548469;0.05495038;0.05274288;0.05464451;0.001339151
157;0.05258209;0.05627608;0.05559727;0.05800173;0.05406087;0.055303608;0.00207743
158;0.04865123;0.05572126;0.05292417;0.05747696;0.05571624;0.054097972;0.003453847
159;0.05231904;0.05913936;0.05519993;0.0541629;0.0570363;0.055571506;0.002625642
160;0.04804951;0.05493812;0.05204865;0.05477836;0.05437043;0.052837014;0.002918756
161;0.0473966;0.05397697;0.05593374;0.05460859;0.05233535;0.05285025;0.00331197
162;0.05032349;0.05221266;0.05549418;0.05242019;0.05157217;0.052404538;0.001910926
163;0.04916359;0.05051397;0.05539209;0.05630899;0.05245433;0.052766594;0.003065749
164;0.04886401;0.04931973;0.05488259;0.04819197;0.0494596;0.05014358;0.002694942
165;0.04468887;0.0499691;0.05542859;0.04971817;0.04979539;0.049920024;0.003800262
166;0.04569528;0.05189799;0.05207949;0.04939951;0.05428127;0.050670708;0.003274823
167;0.04488772;0.0496613;0.05057627;0.05370237;0.05200852;0.050167236;0.003323555
168;0.04673855;0.0512596;0.05378022;0.04968724;0.04685272;0.049663666;0.00299797
169;0.04386418;0.05268277;0.04783043;0.05021348;0.04779221;0.048476614;0.00327372
170;0.04354327;0.04895344;0.04828885;0.04953589;0.05150268;0.048364826;0.002950303
171;0.04317866;0.04608554;0.05250097;0.05014887;0.05246177;0.048875162;0.004119002
172;0.04101919;0.04848939;0.04947797;0.0498412;0.04620922;0.047007394;0.003634081
173;0.04559772;0.04803144;0.04542632;0.04851748;0.04116994;0.04574858;0.002914138
174;0.04397558;0.04538969;0.0443738;0.04634235;0.04446576;0.044909436;0.000953904
175;0.04418144;0.04731682;0.04622162;0.04299947;0.04428147;0.045000164;0.001735544
176;0.04200637;0.04719573;0.04670633;0.04734309;0.04323441;0.045297186;0.00249301
177;0.04192119;0.04933703;0.04365711;0.04369987;0.0470879;0.04514062;0.003001793
178;0.03843815;0.04733895;0.04473591;0.04580716;0.04435454;0.044134942;0.003388392
179;0.04173176;0.04709746;0.04479327;0.05031671;0.0464343;0.0460747;0.003149333
180;0.04033213;0.04725121;0.04877756;0.04590923;0.04457881;0.045369788;0.003218979
181;0.04185823;0.04845252;0.04646476;0.04840475;0.04328478;0.045693008;0.003002879
182;0.03957172;0.04652512;0.04131363;0.04320038;0.03947574;0.042017318;0.002943453
183;0.03670444;0.04502434;0.04435844;0.04026091;0.04650934;0.042571494;0.00401489
184;0.03905587;0.04163758;0.04609992;0.03965766;0.0436645;0.042023106;0.002909598
185;0.03635847;0.04015213;0.0408515;0.04265315;0.04357687;0.040718424;0.002795598
186;0.03715293;0.03736233;0.04346173;0.03928949;0.04155795;0.039764886;0.002724992
187;0.03820467;0.0374993;0.03853981;0.03839876;0.04111886;0.03875228;0.001382087
188;0.03563355;0.03915396;0.04003642;0.03916798;0.03754132;0.038306646;0.001745216
189;0.03826499;0.04007745;0.04203019;0.03889006;0.03641685;0.039135908;0.002090191
190;0.03408341;0.0409643;0.03978289;0.03807342;0.03994019;0.038568842;0.002713728
191;0.0344044;0.03904085;0.0421076;0.03581456;0.03734068;0.037741618;0.002990031
192;0.03611849;0.04337275;0.04095976;0.03698134;0.03959381;0.03940523;0.002952594
193;0.03936335;0.0355245;0.03915996;0.03742378;0.03903841;0.038102;0.001634827
194;0.03434643;0.03781337;0.04024334;0.04029145;0.03706911;0.03795274;0.00247599
195;0.03317303;0.03950571;0.03828745;0.04032869;0.03898756;0.038056488;0.002829821
196;0.03402344;0.034575;0.0372112;0.03668631;0.03670476;0.035840142;0.001435649
197;0.03562676;0.03707501;0.0379483;0.0395543;0.03331247;0.036703368;0.002370288
198;0.03204597;0.03830138;0.04288811;0.03645498;0.03226442;0.036390972;0.00452145
199;0.03106215;0.03632068;0.04058566;0.03562898;0.03137039;0.034993572;0.003937637
200;0.03389567;0.03632298;0.03983908;0.03545425;0.03750088;0.036602572;0.002236408
201;0.03620475;0.03466317;0.03632471;0.03467764;0.03545668;0.03546539;0.000798321
202;0.03200988;0.03771986;0.03250474;0.03560536;0.03340594;0.034249156;0.002379781
203;0.03060725;0.03479939;0.03284698;0.03241326;0.03341412;0.0328162;0.001527524
204;0.02872248;0.03434185;0.0325948;0.03152467;0.03778761;0.032994282;0.003367476
205;0.03194448;0.03005131;0.0343092;0.03267886;0.03493802;0.032784374;0.001946117
206;0.03632174;0.03182704;0.03531255;0.03140201;0.03616702;0.034206072;0.002401469
207;0.03157228;0.03316702;0.03894125;0.03246187;0.03636885;0.034502254;0.003070815
208;0.0330737;0.03463562;0.03469132;0.0346762;0.03161792;0.033738952;0.001372114
209;0.02926111;0.02996418;0.03458483;0.03266948;0.03152648;0.031601216;0.002133349
210;0.02870388;0.03099747;0.03579186;0.03392111;0.02931445;0.031745754;0.003034276
211;0.03015193;0.02916892;0.03610453;0.03200415;0.02955892;0.03139769;0.00284704
212;0.02697264;0.0323689;0.03414324;0.03499621;0.0303498;0.031766158;0.003218343
213;0.02940777;0.03328742;0.03517333;0.02984963;0.02781752;0.031107134;0.003024
214;0.02886247;0.03486542;0.0321266;0.03181089;0.02851034;0.031235144;0.002615302
215;0.02882596;0.03403761;0.03472719;0.03340862;0.03245004;0.032689884;0.00231684
216;0.02885498;0.03749608;0.03346778;0.03091951;0.03065455;0.03227858;0.003348212
217;0.03027414;0.03566534;0.02988341;0.03016328;0.03497231;0.032191696;0.002868697
218;0.02952573;0.03027068;0.03126618;0.03211162;0.03619872;0.031874586;0.002608358
219;0.02737115;0.03164637;0.03334669;0.03012498;0.03305642;0.031109122;0.002450933
220;0.02687696;0.0326955;0.02990399;0.02792606;0.03174158;0.029828818;0.002460494
221;0.02578036;0.03035984;0.02907968;0.02807877;0.02803399;0.028266528;0.00168178
222;0.02717612;0.0258644;0.02914593;0.03088386;0.0296744;0.028548942;0.002010367
223;0.02559544;0.02689548;0.02671538;0.0317169;0.02914316;0.028013272;0.002437899
224;0.02718047;0.02763638;0.02806143;0.02975495;0.02623837;0.02777432;0.001297705
225;0.02479663;0.03060953;0.02541943;0.02773565;0.02663586;0.02703942;0.002293892
226;0.0272254;0.02669468;0.02818103;0.03145012;0.0335341;0.029417066;0.002950671
227;0.02932173;0.02668378;0.03236434;0.02562754;0.02696572;0.028192622;0.002694423
228;0.02603737;0.02529719;0.03013468;0.02791711;0.02700107;0.027277484;0.001878067
229;0.0262722;0.02641393;0.0303668;0.02717408;0.0281736;0.027680122;0.001681021
230;0.02604121;0.02907601;0.02728598;0.02523463;0.02787151;0.027101868;0.001511213
231;0.02534632;0.02673;0.02784893;0.02777209;0.02590626;0.02672072;0.001110253
232;0.02213646;0.02663677;0.02842806;0.02796993;0.02488921;0.026012086;0.002566205
233;0.02284777;0.02625921;0.02654304;0.02549955;0.0280803;0.025845974;0.001920815
234;0.02342079;0.02237727;0.0257676;0.02517206;0.02460364;0.024268272;0.001366693
235;0.02133985;0.02478289;0.02751747;0.02376949;0.02434642;0.024351224;0.002214625
236;0.0238253;0.02592912;0.02566893;0.02293075;0.02610638;0.024892096;0.001426386
237;0.02508901;0.02564072;0.02683071;0.02501823;0.02507442;0.025530618;0.000769421
238;0.0233749;0.02482595;0.0251406;0.02396846;0.02434707;0.024331396;0.00069754
239;0.02271319;0.02562094;0.02463288;0.0240993;0.02138669;0.0236906;0.001661661
240;0.0212848;0.02403141;0.02776953;0.02489148;0.02313382;0.024222208;0.002391693
241;0.02010107;0.02268202;0.02769365;0.02904761;0.02655952;0.025216774;0.003715124
242;0.01954304;0.02552065;0.02848204;0.02414462;0.02518586;0.024575242;0.003241844
243;0.01921724;0.02822423;0.02194109;0.02362514;0.02467658;0.023536856;0.003334809
244;0.01979762;0.02393017;0.02145962;0.02175606;0.02324924;0.022038542;0.001618697
245;0.02383337;0.02258258;0.02345282;0.02259173;0.02136582;0.022765264;0.000953351
246;0.02133205;0.02152139;0.02571614;0.02194157;0.02263223;0.022628676;0.001796655
247;0.01874131;0.02170088;0.02570877;0.02238699;0.02154276;0.022016142;0.002491036
248;0.02136562;0.02269729;0.02481122;0.02473468;0.02203575;0.023128912;0.001573146
249;0.02498374;0.02359083;0.024533;0.02508672;0.02493168;0.024625194;0.000615204
250;0.0206382;0.0274771;0.02220437;0.0262985;0.02310411;0.023944456;0.002858606
251;0.02083732;0.02432266;0.02178504;0.02247267;0.01909938;0.021703414;0.001935845
252;0.02008348;0.02448676;0.02437397;0.02283938;0.02088946;0.02253461;0.002000099
253;0.01868104;0.02378028;0.02594437;0.02092727;0.02137393;0.022141378;0.002792209
254;0.01801071;0.02441225;0.02392846;0.02286376;0.02064418;0.021971872;0.002647297
255;0.01811712;0.02095154;0.02363976;0.02158802;0.02086118;0.021031524;0.001977482
256;0.01937419;0.02149738;0.02207821;0.02020789;0.0180627;0.020244074;0.001616418
257;0.02134616;0.02265475;0.02162683;0.02036245;0.01840063;0.020878164;0.001607787
258;0.01944387;0.02111274;0.02121964;0.02038957;0.02325814;0.021084792;0.001406979
259;0.02082327;0.02237607;0.0232037;0.02043623;0.0216495;0.021697754;0.001127661
260;0.0199571;0.02074174;0.02152911;0.02149091;0.02003197;0.020750166;0.000758335
261;0.01947402;0.01895018;0.01821487;0.0198348;0.02107752;0.019510278;0.001067083
262;0.01714481;0.01731425;0.01902028;0.01829616;0.02129276;0.018613652;0.001680008
263;0.01603781;0.01835325;0.01974297;0.02073324;0.02362912;0.019699278;0.002816593
264;0.0173723;0.01681398;0.01932486;0.01743995;0.02145293;0.018480804;0.001912879
265;0.01575771;0.01656401;0.02042797;0.01863973;0.02122134;0.018522152;0.002366857
266;0.01682469;0.01540673;0.0192859;0.01792261;0.02011239;0.017910464;0.001883351
267;0.01666483;0.01728261;0.01700234;0.01829323;0.01821771;0.017492144;0.000730829
268;0.01624413;0.01843893;0.01743207;0.01689686;0.01849589;0.017501576;0.00097711
269;0.01536843;0.01925861;0.01854469;0.01651238;0.01780034;0.01749689;0.001564707
270;0.0152862;0.0190783;0.01818581;0.01781716;0.01795112;0.017663718;0.001417071
271;0.01821865;0.02508651;0.01810703;0.0187861;0.01756993;0.019553644;0.003122969
272;0.01645325;0.02095406;0.0184878;0.02148377;0.01839694;0.019155164;0.002060282
273;0.01565569;0.01930312;0.01697358;0.01873582;0.01922779;0.0179792;0.001604228
274;0.01508752;0.01814815;0.01712513;0.01660854;0.01735847;0.016865562;0.001138295
275;0.01372787;0.01623415;0.01923891;0.01682855;0.01555783;0.016317462;0.00200537
276;0.01532107;0.01554752;0.01886617;0.01746412;0.01783444;0.017006664;0.001526644
277;0.01642102;0.01621463;0.01622601;0.0152118;0.0163749;0.016089672;0.000499001
278;0.01697246;0.01476541;0.01632841;0.01488405;0.01525025;0.015640116;0.000966648
279;0.01535675;0.01810135;0.01585229;0.0149775;0.01536615;0.015930808;0.001252457
280;0.01661577;0.01851487;0.01676581;0.01569514;0.01516862;0.016552042;0.001279706
281;0.01538479;0.01614748;0.01595445;0.01628302;0.01491968;0.015737884;0.000571397
282;0.01546893;0.01745196;0.016125;0.01477113;0.01478548;0.0157205;0.001118082
283;0.01367921;0.01600379;0.01688153;0.01433696;0.01577728;0.015335754;0.001301189
284;0.01585383;0.01463604;0.01686149;0.01500623;0.01488744;0.015449006;0.000912594
285;0.01341365;0.01616319;0.01731855;0.01530947;0.01738965;0.015918902;0.001645409
286;0.01329299;0.01493758;0.01629627;0.01638525;0.01725172;0.015632762;0.001548008
287;0.01405557;0.0146426;0.01604462;0.01611816;0.01471896;0.015115982;0.000918276
288;0.01320163;0.01394927;0.01612482;0.01579676;0.01331001;0.014476498;0.001389605
289;0.0132289;0.01425313;0.01679373;0.01501752;0.014095;0.014677656;0.001342747
290;0.01284591;0.01415486;0.01548447;0.01506126;0.01524901;0.014559102;0.001081998
291;0.01446027;0.01488811;0.01567425;0.01447879;0.01475088;0.01485046;0.000495063
292;0.01317879;0.01366963;0.01698775;0.01351362;0.01379181;0.01422832;0.001559602
293;0.01425132;0.01406787;0.01728282;0.01480429;0.01383267;0.014847794;0.001407638
294;0.01515923;0.01315896;0.01616941;0.01692055;0.01368382;0.015018394;0.001596986
295;0.01444698;0.01312212;0.01604235;0.01727419;0.013062;0.014789528;0.001845606
296;0.01266629;0.01185199;0.01427293;0.01654902;0.01290494;0.013649034;0.00184038
297;0.01314566;0.01188025;0.01443924;0.01649566;0.01278911;0.013749984;0.001788729
298;0.01257547;0.01231164;0.01572671;0.01527085;0.01340112;0.013857158;0.001559893
299;0.01299706;0.01162807;0.01473425;0.01291827;0.01229054;0.012913638;0.001157858
300;0.01176177;0.0121743;0.01422267;0.01377121;0.01335355;0.0130567;0.001050429
301;0.01306127;0.01227092;0.01466424;0.01265187;0.01223117;0.012975894;0.001001798
302;0.01281656;0.01207988;0.01302489;0.0124064;0.01302108;0.012669762;0.000414852
303;0.01149025;0.01291688;0.01579132;0.01212571;0.01466929;0.01339869;0.001791219
304;0.01155922;0.0137598;0.01479021;0.01168546;0.01481422;0.013321782;0.001609323
305;0.01035317;0.01219462;0.01337291;0.01178074;0.01499373;0.012539034;0.001745889
306;0.01096471;0.01119556;0.01313064;0.01116642;0.01375144;0.012041754;0.001299132
307;0.01025148;0.01260844;0.01151815;0.01130433;0.01326267;0.011789014;0.001174246
308;0.01070955;0.01160133;0.01173593;0.01047871;0.0120337;0.011311844;0.000678527
309;0.01020793;0.01200695;0.01201578;0.01179403;0.01185711;0.01157636;0.000770925
310;0.01051275;0.01254135;0.01190565;0.01104154;0.01292582;0.011785422;0.001007403
311;0.0108686;0.01197038;0.01155102;0.01046271;0.01204146;0.011378834;0.000692508
312;0.01053759;0.0110982;0.01184386;0.01049274;0.01271444;0.011337366;0.000943809
313;0.01096704;0.01166247;0.01179031;0.00997517;0.01258946;0.01139689;0.000981529
314;0.01093104;0.01213562;0.01109236;0.00992843;0.01204677;0.011226844;0.000906865
315;0.0104304;0.01119693;0.01181183;0.01027624;0.01083557;0.010910194;0.000619038
316;0.00979658;0.01022104;0.01215451;0.01076248;0.0103417;0.010655262;0.000906014
317;0.00930708;0.01097935;0.01208504;0.01078493;0.01144742;0.010920764;0.001031839
318;0.00909473;0.011577;0.01095401;0.00993106;0.01054404;0.010420168;0.000953232
319;0.00935326;0.0106246;0.01080325;0.01045415;0.01037679;0.01032241;0.000566147
320;0.00952913;0.01007403;0.01054195;0.01105027;0.00995037;0.01022915;0.000583929
321;0.00887076;0.01090613;0.01061303;0.01180456;0.00955705;0.010350306;0.001152294
322;0.00877587;0.01072948;0.01182197;0.01053416;0.01055956;0.010484208;0.001092744
323;0.00956743;0.01038756;0.01123857;0.01121327;0.01002546;0.010486458;0.00073499
324;0.0095251;0.00937182;0.01094219;0.01320711;0.00979385;0.010568014;0.001598649
325;0.00946282;0.00922576;0.01161283;0.01036774;0.01007296;0.010148422;0.000938035
326;0.01004693;0.01095112;0.01119434;0.01137226;0.00917686;0.010548302;0.000920701
327;0.00874629;0.00962209;0.01155799;0.01006857;0.00889235;0.009777458;0.001132023
328;0.00852417;0.01049688;0.0106709;0.00983854;0.00907763;0.009721624;0.000917121
329;0.00841107;0.01003139;0.01016887;0.009858;0.00988347;0.00967056;0.000715068
330;0.0096604;0.00895982;0.01019911;0.0101748;0.00897907;0.00959464;0.000609962
331;0.00793882;0.0091761;0.010159;0.01051574;0.00862863;0.009283658;0.001064597
332;0.00741968;0.01000562;0.01039214;0.00949137;0.00872101;0.009205964;0.001178337
333;0.00812475;0.01091591;0.00901292;0.0085676;0.00922838;0.009169912;0.001064392
334;0.00818915;0.0097797;0.00957553;0.00857352;0.00897856;0.009019292;0.000666545
335;0.00807339;0.00839442;0.00972416;0.0089957;0.00934662;0.008906858;0.000675745
336;0.00806247;0.00834793;0.00930965;0.00904436;0.00897012;0.008746906;0.000520245
337;0.00817214;0.00846931;0.00918034;0.00966985;0.00901995;0.008902318;0.000591797
338;0.00897427;0.00831323;0.00945399;0.00916673;0.0088832;0.008958284;0.000421652
339;0.00848823;0.00858113;0.00904279;0.00948933;0.00911005;0.008942306;0.000410519
340;0.00846378;0.00817203;0.00921739;0.01000622;0.00826773;0.00882543;0.000777279
341;0.00801006;0.00821791;0.00911142;0.00987018;0.00855743;0.0087534;0.000750514
342;0.00821765;0.00817059;0.0089186;0.00873778;0.00746783;0.00830249;0.000567962
343;0.00735636;0.00830766;0.00842553;0.00879862;0.00853888;0.00828541;0.000550203
344;0.00773024;0.00760534;0.00852547;0.00825073;0.00872749;0.008167854;0.000488845
345;0.00785708;0.00792629;0.0082491;0.00867821;0.00865951;0.008274038;0.000389663
346;0.00755275;0.00733193;0.00892976;0.00828479;0.00837029;0.008093904;0.000649025
347;0.0073467;0.00809118;0.00880017;0.00820467;0.00818699;0.008125942;0.000517913
348;0.00718183;0.00850514;0.00924994;0.00807082;0.00828139;0.008257824;0.000748122
349;0.00710966;0.00856952;0.00803292;0.00828701;0.00774274;0.00794837;0.00055977
350;0.00656208;0.00787707;0.00822478;0.00777855;0.00773778;0.007636052;0.00063023
351;0.00702068;0.0075809;0.00815202;0.0071648;0.00731927;0.007447534;0.000445163
352;0.00663629;0.00758882;0.0079476;0.00765885;0.00756852;0.007480016;0.00049552
353;0.00670588;0.0074667;0.0078852;0.00728841;0.00768934;0.007407106;0.000452103
354;0.00752681;0.00842555;0.00748577;0.0073737;0.00804927;0.00777222;0.000448524
355;0.00692599;0.00724831;0.00810222;0.00716107;0.00741947;0.007371412;0.000445586
356;0.00663886;0.00741147;0.00823253;0.00752874;0.00754927;0.007472174;0.000566873
357;0.00662348;0.00716661;0.00761809;0.00684696;0.00722711;0.00709645;0.000380805
358;0.00625355;0.00714643;0.00718305;0.00705168;0.007247;0.006976342;0.000410188
359;0.0066092;0.00665975;0.00721746;0.00642315;0.00702169;0.00678625;0.000324255
360;0.00627513;0.00696016;0.00702114;0.00710665;0.00701154;0.006874924;0.000339396
361;0.00659802;0.00685608;0.00768389;0.00709389;0.00724037;0.00709445;0.000409877
362;0.0067742;0.00696803;0.00746997;0.0070326;0.00700511;0.007049982;0.000255674
363;0.00666583;0.00661613;0.00705852;0.0069357;0.0066745;0.006790136;0.000195141
364;0.00630541;0.00656009;0.00694524;0.0069958;0.00739751;0.00684081;0.000421396
365;0.00647918;0.00664536;0.00710261;0.00685846;0.00668571;0.006754264;0.000236872
366;0.00586792;0.00686778;0.0066487;0.00734021;0.00716683;0.006778288;0.00057452
367;0.0060994;0.00622374;0.00748255;0.00662545;0.00625185;0.006536598;0.000564097
368;0.00592711;0.00655936;0.00654095;0.00681205;0.00650121;0.006468136;0.00032623
369;0.00574995;0.00615988;0.00686925;0.00651667;0.00658927;0.006377004;0.000432206
370;0.00583101;0.00618291;0.00672653;0.00627835;0.00638732;0.006281224;0.000324777
371;0.00584791;0.00625016;0.00668991;0.00631981;0.00643108;0.006307774;0.000306664
372;0.00574941;0.006235;0.0065582;0.0061484;0.00636988;0.006212178;0.00030139
373;0.00560778;0.00589862;0.00648357;0.00615125;0.00685423;0.00619909;0.000487944
374;0.00587135;0.00612779;0.00608286;0.00593142;0.00620918;0.00604452;0.000139907
375;0.00539094;0.00597592;0.00617848;0.00653939;0.00591207;0.00599936;0.000418945
376;0.00525801;0.00580336;0.00659532;0.00619867;0.00612499;0.00599607;0.000499659
377;0.0054383;0.00621273;0.00631389;0.00593833;0.00583102;0.005946854;0.000345515
378;0.00533441;0.00572629;0.00615444;0.00606783;0.00586158;0.00582891;0.000323721
379;0.00552244;0.00546473;0.00604765;0.00581459;0.00578385;0.005726652;0.000236828
380;0.00524324;0.00560636;0.0058155;0.00591827;0.00575077;0.005666828;0.000262419
381;0.00520931;0.00573336;0.00616094;0.00570774;0.00605182;0.005772634;0.000371421
382;0.00510777;0.00567801;0.00574663;0.00583157;0.00558448;0.005589692;0.000284258
383;0.00498151;0.00557352;0.00581332;0.00612276;0.00564042;0.005626306;0.000418386
384;0.00512798;0.00540085;0.00605246;0.0055013;0.0056092;0.005538358;0.000338383
385;0.00508608;0.00542648;0.00567549;0.00568059;0.00554871;0.00548347;0.000245536
386;0.00507103;0.00517639;0.00578739;0.00562476;0.00580054;0.005492022;0.000345291
387;0.00509448;0.00528335;0.00550671;0.00551968;0.00562113;0.00540507;0.000212973
388;0.00485609;0.00521906;0.00551546;0.00572399;0.00536587;0.005336094;0.000326964
389;0.00492493;0.00516304;0.00581543;0.00538706;0.00551374;0.00536084;0.000339065
390;0.00482863;0.00516942;0.00547217;0.00539276;0.00537309;0.005247214;0.000259277
391;0.00476513;0.00496692;0.00547124;0.00515046;0.0051887;0.00510849;0.000263496
392;0.0048717;0.0049936;0.00539978;0.00527798;0.00511794;0.0051322;0.000212205
393;0.0045711;0.00500778;0.00537699;0.00536743;0.00524715;0.00511409;0.000338062
394;0.00465942;0.0049182;0.00521779;0.00510059;0.00520019;0.005019238;0.0002337
395;0.00474704;0.00482875;0.00506061;0.00520791;0.00501693;0.004972248;0.000184832
396;0.00461395;0.00476907;0.00531815;0.00525386;0.00529977;0.00505096;0.000333506
397;0.00466661;0.00503779;0.00529357;0.00502911;0.00516921;0.005039258;0.000234805
398;0.00479012;0.00497111;0.00511884;0.00513286;0.00502238;0.005007062;0.000138664
399;0.00453362;0.00475304;0.00518625;0.00502215;0.00488981;0.004876974;0.000250072
400;0.0044441;0.00499228;0.00513442;0.00506297;0.0047502;0.004876794;0.000281789
401;0.00423469;0.00471166;0.00518406;0.00493693;0.00495735;0.004804938;0.000359954
402;0.00434608;0.00472873;0.00491703;0.00478702;0.00513913;0.004783598;0.000290969
403;0.00469274;0.00452628;0.00469142;0.00493604;0.00462239;0.004693774;0.000151533
404;0.00432575;0.004364;0.00493813;0.00502936;0.0047189;0.004675228;0.00032227
405;0.00425619;0.004611;0.00514636;0.00464475;0.0046829;0.00466824;0.000317186
406;0.00422515;0.00487287;0.00464524;0.00473828;0.00456881;0.00461007;0.00024321
407;0.00424348;0.00431603;0.00481512;0.00460304;0.00459999;0.004515532;0.000233643
408;0.00428195;0.00438668;0.00466598;0.00448351;0.00476312;0.004516248;0.000197561
409;0.00439116;0.00424537;0.00458908;0.00447264;0.0042498;0.00438961;0.00014751
410;0.00384855;0.00421336;0.00461121;0.00454265;0.00460768;0.00436469;0.000331959
411;0.004298;0.00435568;0.00469659;0.00427008;0.00445317;0.004414704;0.000172452
412;0.00387966;0.00445871;0.00426149;0.00460542;0.00438069;0.004317194;0.000274623
413;0.00405531;0.00395684;0.00463853;0.0043511;0.00429095;0.004258546;0.000267552
414;0.0039496;0.00430696;0.00433208;0.00431993;0.00440099;0.004261912;0.000178326
415;0.00401606;0.00405367;0.00438885;0.00427899;0.00433761;0.004215036;0.000169526
416;0.00397434;0.00411187;0.00419909;0.00433995;0.00430979;0.004187008;0.000149571
417;0.0038645;0.00402671;0.00435122;0.00426898;0.00421588;0.004145458;0.000197227
418;0.00388316;0.00406376;0.00433351;0.00423017;0.00426953;0.004156026;0.000182243
419;0.00379747;0.00403157;0.00418256;0.0042355;0.00409024;0.004067468;0.000170431
420;0.00368491;0.00389452;0.00426231;0.0041805;0.00397135;0.003998718;0.000230547
421;0.00357163;0.00387748;0.00422519;0.00409093;0.00399588;0.003952222;0.000248039
422;0.00373186;0.00389352;0.00399187;0.0038388;0.00410153;0.003911516;0.000141818
423;0.00366317;0.00381455;0.00396073;0.00385117;0.00390567;0.003839058;0.000112833
424;0.00359628;0.00370057;0.00393303;0.00395633;0.00396687;0.003830616;0.000170795
425;0.00356442;0.00370413;0.00390953;0.00382125;0.00399259;0.003798384;0.000168979
426;0.00367632;0.00365491;0.00384929;0.00387865;0.00378084;0.003768002;0.000100263
427;0.00343055;0.00355497;0.00386061;0.0040001;0.00387112;0.00374347;0.00023944
428;0.00352076;0.00358999;0.00391855;0.00383491;0.0038695;0.003746742;0.000178886
429;0.00347845;0.00364276;0.00366888;0.00374901;0.00369669;0.003647158;0.000102202
430;0.00335993;0.00346164;0.00378815;0.00383741;0.00371735;0.003632896;0.000210298
431;0.00343462;0.00352581;0.00381422;0.00364278;0.00366725;0.003616936;0.000144623
432;0.00339491;0.00358639;0.00360431;0.00369974;0.00371706;0.003600482;0.00012837
433;0.00337667;0.00344377;0.00371128;0.00364075;0.00365145;0.003564784;0.00014558
434;0.00330061;0.00353781;0.00359165;0.00361873;0.0035764;0.00352504;0.000128826
435;0.00325918;0.00346358;0.00359378;0.00359259;0.00353688;0.003489202;0.000139163
436;0.00325567;0.00345127;0.00358456;0.0034937;0.00347433;0.003451906;0.000120785
437;0.00321844;0.00336917;0.00346112;0.00346062;0.00341695;0.00338526;0.000100655
438;0.0030978;0.00328486;0.00347593;0.00342208;0.00350583;0.0033573;0.000168017
439;0.00321757;0.00328259;0.00343119;0.00340482;0.00336773;0.00334078;8.88372E-05
440;0.00316828;0.00325539;0.00331261;0.00343653;0.003456;0.003325762;0.000121611
441;0.00317612;0.00315212;0.00344533;0.00335479;0.00348324;0.00332232;0.000152006
442;0.00317261;0.00324579;0.00332733;0.00344612;0.00350038;0.003338446;0.000136039
443;0.00321444;0.00319673;0.00333307;0.00337236;0.0033748;0.00329828;8.64509E-05
444;0.00309189;0.00321451;0.00337135;0.00346067;0.00341564;0.003310812;0.000153551
445;0.00308951;0.0032072;0.00335227;0.0032524;0.00330623;0.003241522;0.000101065
446;0.00301331;0.00322336;0.00325318;0.00332272;0.00326055;0.003214624;0.000118199
447;0.00302589;0.00313372;0.00325432;0.00321365;0.00318419;0.003162354;8.80457E-05
448;0.00295325;0.00314475;0.00315424;0.00320284;0.00319924;0.003130864;0.000102642
449;0.00296294;0.00304757;0.00314293;0.00314185;0.00319771;0.0030986;9.30943E-05
450;0.00295679;0.00303556;0.00306336;0.00311936;0.00310583;0.00305618;6.48304E-05
451;0.00288725;0.00299177;0.0030981;0.00315212;0.00308433;0.003042714;0.000104323
452;0.00284281;0.00297048;0.00311037;0.00306152;0.00305027;0.00300709;0.000104669
453;0.00282564;0.00298101;0.00300217;0.00302552;0.00308506;0.00298388;9.66358E-05
454;0.00286593;0.00290089;0.00297673;0.00300213;0.00303411;0.002955958;7.03715E-05
455;0.00279352;0.00288277;0.00294562;0.00300273;0.00304503;0.002933934;9.94304E-05
456;0.00281008;0.00286249;0.00298323;0.00297563;0.00300988;0.002928262;8.6919E-05
457;0.00279951;0.0028888;0.00293147;0.0029876;0.00297676;0.002916828;7.64264E-05
458;0.00275937;0.00284887;0.00293767;0.00295038;0.00297236;0.00289373;8.85828E-05
459;0.00276063;0.00283977;0.00292953;0.00291653;0.00290491;0.002870274;7.03613E-05
460;0.00270791;0.00282663;0.00286586;0.00290185;0.00288273;0.002836996;7.73004E-05
461;0.00269057;0.002775;0.00285372;0.00286172;0.00289641;0.002815484;8.27515E-05
462;0.00269579;0.00277579;0.00280784;0.0028238;0.00288767;0.002798178;7.02552E-05
463;0.00269509;0.00273692;0.00277531;0.00284293;0.00286453;0.002782956;7.09743E-05
464;0.00267477;0.00270803;0.0027848;0.00282825;0.00286472;0.002772114;7.97977E-05
465;0.00266302;0.00271325;0.00278092;0.00281514;0.00281049;0.002756564;6.62551E-05
466;0.00262402;0.00270988;0.00275877;0.00280458;0.00282009;0.002743468;7.94288E-05
467;0.0026287;0.00268801;0.00275641;0.00274946;0.00282124;0.002728764;7.31747E-05
468;0.00263694;0.00267852;0.00269601;0.00275771;0.00278061;0.002709958;5.87079E-05
469;0.00260478;0.00263811;0.00271121;0.00276351;0.00275981;0.002695484;7.16444E-05
470;0.00258543;0.00263854;0.00271264;0.00272541;0.00272598;0.0026776;6.29984E-05
471;0.00256467;0.00264399;0.00267745;0.00270207;0.00272675;0.002662986;6.29077E-05
472;0.00256166;0.00261917;0.00265141;0.0026673;0.00270694;0.002641296;5.45873E-05
473;0.00253939;0.00259849;0.00263154;0.0026764;0.0026938;0.002627924;6.2063E-05
474;0.00253251;0.00257662;0.00262128;0.00264983;0.00268989;0.002614026;6.15101E-05
475;0.00253153;0.00257338;0.00260058;0.00263335;0.0026878;0.002605328;5.93216E-05
476;0.00252752;0.00255523;0.00259177;0.00263247;0.00266769;0.002594936;5.66424E-05
477;0.00251242;0.0025455;0.00258723;0.00262718;0.00264263;0.002582992;5.4574E-05
478;0.00249668;0.00254191;0.00258363;0.00261432;0.00263884;0.002575076;5.68441E-05
479;0.00249283;0.0025388;0.0025724;0.00259249;0.00263063;0.00256543;5.24685E-05
480;0.00248226;0.00252561;0.00255028;0.00258825;0.00261125;0.00255153;5.09573E-05
481;0.00247001;0.00250828;0.00254469;0.0025771;0.00260274;0.002540564;5.30044E-05
482;0.00246487;0.00250768;0.00253563;0.00256;0.00259622;0.00253288;5.00385E-05
483;0.00245656;0.00249777;0.00252431;0.00255678;0.00259059;0.002525202;5.18117E-05
484;0.00245342;0.00248897;0.00251472;0.00254629;0.00257969;0.002516618;4.90421E-05
485;0.00244519;0.00248106;0.00250354;0.00254125;0.00257155;0.002508518;4.95822E-05
486;0.00243761;0.00247254;0.00250092;0.00253227;0.0025602;0.002500708;4.82449E-05
487;0.00243043;0.00246902;0.00249279;0.00252297;0.00255274;0.00249359;4.73165E-05
488;0.00242293;0.00246211;0.00248524;0.00251503;0.00254683;0.002486428;4.7674E-05
489;0.00241949;0.00245632;0.00247734;0.00251;0.00254589;0.002481808;4.86169E-05
490;0.00241753;0.00245157;0.0024701;0.00250364;0.0025373;0.002476028;4.62926E-05
491;0.00241176;0.0024452;0.00246573;0.00250088;0.00253457;0.002471628;4.7788E-05
492;0.00240959;0.00244242;0.00246363;0.00249524;0.00252927;0.00246803;4.63173E-05
493;0.00240599;0.00243973;0.0024583;0.00249324;0.0025239;0.002464232;4.59059E-05
494;0.00240137;0.00243607;0.00245711;0.00248826;0.00252157;0.002460876;4.63792E-05
495;0.0024006;0.00243277;0.00245163;0.00248493;0.00251872;0.00245773;4.57812E-05
496;0.00239809;0.0024329;0.00245068;0.00248294;0.00251623;0.002456168;4.54663E-05
497;0.00239634;0.00242917;0.00244822;0.00248065;0.00251509;0.002453894;4.58715E-05
498;0.0023963;0.00242793;0.00244618;0.00247958;0.00251318;0.002452634;4.53248E-05
499;0.00239497;0.00242768;0.00244575;0.00247754;0.00251264;0.002451716;4.53102E-05
