Step;peptides-functional.custom_gnn.gcnconv.wothird_ND0.0_L4_0.005.r0 - train/loss;peptides-functional.custom_gnn.gcnconv.wothird_ND0.0_L4_0.005.r2 - train/loss;peptides-functional.custom_gnn.gcnconv.wothird_ND0.0_L4_0.005.r4 - train/loss;peptides-functional.custom_gnn.gcnconv.wothird_ND0.0_L4_0.005.r3 - train/loss;peptides-functional.custom_gnn.gcnconv.wothird_ND0.0_L4_0.005.r1 - train/loss;GCN_mean;GCN_std
0;0.69232602;0.69532738;0.69020193;0.6936081;0.69132083;0.692556852;0.001994219
1;0.39164877;0.38990532;0.38998763;0.38941624;0.39141076;0.390473744;0.00099202
2;0.3578364;0.35815921;0.35794117;0.35797974;0.35819531;0.358022366;0.000151351
3;0.35515211;0.35837765;0.35789991;0.35642873;0.35528076;0.356627832;0.001475809
4;0.34716246;0.35267677;0.35349348;0.34777364;0.34884979;0.349991228;0.002902603
5;0.33277943;0.34141558;0.33559592;0.33692616;0.33774823;0.336893064;0.003153971
6;0.30528748;0.32408025;0.32932336;0.32486048;0.33060179;0.322830672;0.010197922
7;0.29625673;0.31906425;0.31756935;0.29834854;0.33285149;0.312818072;0.01538321
8;0.29319146;0.30006553;0.30020815;0.28918562;0.29919359;0.29636887;0.004951753
9;0.28839773;0.29391315;0.29387303;0.2884865;0.29202687;0.291339456;0.00275266
10;0.28721008;0.29005048;0.28872971;0.28549206;0.28723856;0.287744178;0.001725054
11;0.28312154;0.28643285;0.28675517;0.28714161;0.28596586;0.285883406;0.001603094
12;0.28108979;0.28484991;0.28263864;0.28438803;0.28232521;0.283058316;0.001546497
13;0.27869364;0.2846024;0.27990765;0.28317279;0.28399433;0.282074162;0.002617619
14;0.27965624;0.28309115;0.27724369;0.28228922;0.28143721;0.280743502;0.002335206
15;0.27859144;0.28010538;0.2756962;0.28089908;0.28129189;0.279316798;0.002272737
16;0.27678367;0.27810797;0.27417252;0.27998216;0.27783401;0.277376066;0.002130186
17;0.27365497;0.27677087;0.27334408;0.28005434;0.2755408;0.275873012;0.002725584
18;0.27230871;0.27801503;0.27006391;0.27832428;0.27387413;0.274517212;0.003600397
19;0.27054508;0.27603873;0.26793926;0.27589515;0.27367833;0.27281931;0.003519602
20;0.27010011;0.27379482;0.26670267;0.27469389;0.27442389;0.271943076;0.003464417
21;0.26946026;0.27194697;0.2652073;0.27458485;0.27065163;0.270370202;0.003457319
22;0.26706075;0.27140886;0.26385385;0.27210233;0.26857162;0.268599482;0.003356041
23;0.26521623;0.26996057;0.26385544;0.27075747;0.26686116;0.267330174;0.002976065
24;0.2642996;0.26855252;0.26176708;0.27105907;0.26631134;0.266397922;0.0036133
25;0.26301541;0.26834837;0.2598137;0.26832687;0.26517476;0.264935822;0.003644376
26;0.26100319;0.26657042;0.26062338;0.26887216;0.26579602;0.264573034;0.003616327
27;0.26056427;0.26527486;0.26036422;0.26872887;0.2632372;0.263633884;0.003497223
28;0.25991838;0.26674874;0.25806948;0.2681643;0.26269542;0.263119264;0.004317149
29;0.2587391;0.26591715;0.25655446;0.26585795;0.26307619;0.26202897;0.004232883
30;0.25896302;0.26311272;0.2570734;0.26459396;0.26260202;0.261269024;0.003128586
31;0.2586391;0.261564;0.2558356;0.26435666;0.26067822;0.260214716;0.003195713
32;0.25610391;0.26258189;0.2547151;0.26317846;0.25962914;0.2592417;0.00377958
33;0.25436764;0.26139967;0.2542681;0.26197285;0.2592609;0.258253832;0.003732631
34;0.25496497;0.25880307;0.25226741;0.26168184;0.2577313;0.257089718;0.003612617
35;0.25380331;0.25942057;0.2520692;0.26012239;0.25645523;0.25637414;0.00348132
36;0.25173928;0.25698995;0.25033049;0.25908176;0.25657809;0.254943914;0.003725987
37;0.25071303;0.25647001;0.24884756;0.25732362;0.25442408;0.25355566;0.003663737
38;0.24819443;0.25587983;0.24952049;0.25642558;0.25356752;0.25271757;0.003713211
39;0.24880358;0.25367912;0.24768618;0.25720887;0.25529825;0.2525352;0.004129896
40;0.24742809;0.25485867;0.24795845;0.25450829;0.25245245;0.25144119;0.003547653
41;0.24565859;0.25319824;0.2464451;0.25519089;0.25217114;0.250532792;0.004241278
42;0.24559726;0.25285921;0.2460502;0.25387491;0.25154883;0.249986082;0.003891431
43;0.24345145;0.25163645;0.24356894;0.25249987;0.25160482;0.248552306;0.004616972
44;0.24348735;0.24979313;0.2440415;0.25151668;0.24979472;0.247726676;0.003689972
45;0.24162322;0.24880086;0.24391551;0.25038264;0.24870731;0.246685908;0.003725951
46;0.24050136;0.24825385;0.24203752;0.25013444;0.24712063;0.24560956;0.004141356
47;0.23789642;0.2491689;0.24209695;0.24817018;0.24746637;0.244959764;0.004806069
48;0.23868654;0.24681326;0.2398102;0.24885935;0.24812556;0.244458982;0.004829128
49;0.23745406;0.2470625;0.24035539;0.24658189;0.24584767;0.243460302;0.004305087
50;0.23596546;0.2445399;0.23786449;0.2461001;0.24591183;0.242076356;0.00479722
51;0.2365605;0.24466929;0.23641191;0.24477559;0.2437686;0.241237178;0.004354951
52;0.23336595;0.24291612;0.23716486;0.24253307;0.24307717;0.239811434;0.004366349
53;0.23296684;0.24160562;0.2372554;0.2437835;0.24133147;0.239388566;0.004295189
54;0.23109498;0.24173993;0.23509546;0.24312122;0.23963696;0.23813771;0.004972787
55;0.23054328;0.24214222;0.23336905;0.24062713;0.24133074;0.237602484;0.005277592
56;0.22997806;0.23836116;0.23239825;0.2394383;0.24034201;0.236103556;0.004621493
57;0.22932276;0.2385059;0.23208346;0.23834786;0.23730278;0.235112552;0.00416762
58;0.22653556;0.23661975;0.23090222;0.23870614;0.23783868;0.23412047;0.005219862
59;0.22630449;0.23762953;0.22936178;0.23716301;0.23648714;0.23338919;0.005201743
60;0.22387548;0.23573373;0.22957634;0.23598065;0.23606382;0.232246004;0.005428635
61;0.22403939;0.23376983;0.22716574;0.23582218;0.23497852;0.231155132;0.005238924
62;0.22159046;0.23425771;0.22501557;0.23483369;0.23272859;0.229685204;0.006000152
63;0.22108735;0.23204339;0.22457967;0.23216651;0.23280814;0.228537012;0.005358836
64;0.22180761;0.22988934;0.22403421;0.23234684;0.23169122;0.227953844;0.004747427
65;0.21958549;0.22976491;0.22296418;0.23143335;0.22895786;0.226541158;0.005033455
66;0.21689394;0.22941282;0.22141056;0.2302983;0.229288;0.225460724;0.005988799
67;0.2166515;0.22803512;0.22157817;0.23071586;0.22788456;0.224973042;0.005735992
68;0.21446761;0.22774103;0.21911034;0.22996642;0.22815416;0.223887912;0.006737265
69;0.21553483;0.22540765;0.21922607;0.22826741;0.22676034;0.22303926;0.00542324
70;0.2121552;0.22446608;0.21848379;0.22697697;0.2263928;0.221694968;0.006304107
71;0.21255496;0.22289211;0.21759471;0.22803627;0.22354781;0.220925172;0.005967982
72;0.20988716;0.22209426;0.21615136;0.22622316;0.22390441;0.21965207;0.006611247
73;0.21030298;0.22222799;0.21469232;0.22586846;0.22398093;0.219414536;0.006628356
74;0.20877277;0.22149088;0.21345923;0.22465656;0.22256696;0.21818928;0.006762662
75;0.20745546;0.21893056;0.21217541;0.2228486;0.2225186;0.216785726;0.006755248
76;0.20642096;0.21733566;0.21109658;0.22207328;0.22001746;0.215388788;0.006495043
77;0.20435336;0.21707399;0.21041652;0.22222828;0.21886001;0.214586432;0.007158093
78;0.20348044;0.2163784;0.21045238;0.22135382;0.21851064;0.214035136;0.00712955
79;0.20289481;0.21640996;0.2090167;0.22072625;0.21910931;0.213631406;0.007493908
80;0.20308077;0.21503162;0.20759205;0.21922495;0.21850387;0.212686652;0.007076655
81;0.20088277;0.21389152;0.20477669;0.21879597;0.2172897;0.21112733;0.007901032
82;0.19861498;0.2131131;0.20472798;0.21682593;0.21523488;0.209703374;0.007756636
83;0.19853237;0.21149865;0.20343641;0.21685242;0.21406209;0.208876388;0.007648152
84;0.19717137;0.21118827;0.20167815;0.21511646;0.21259884;0.207550618;0.007716438
85;0.1956078;0.20969393;0.20296618;0.21355512;0.21313867;0.20699234;0.007647937
86;0.19434232;0.20737826;0.1999698;0.21493145;0.21159673;0.205643712;0.0084354
87;0.19275146;0.20871412;0.19954026;0.21290192;0.20981767;0.204745086;0.008350981
88;0.19162273;0.20657481;0.19803342;0.21208615;0.21046668;0.203756758;0.008693884
89;0.19240205;0.20597163;0.19687935;0.21172337;0.20863036;0.203121352;0.008159871
90;0.18883861;0.20487945;0.1959725;0.21025348;0.20801031;0.20159087;0.008961738
91;0.18734523;0.20365376;0.19531606;0.21051887;0.20784857;0.200936498;0.009530136
92;0.18711379;0.20311591;0.19356505;0.20845745;0.20565755;0.19958195;0.008941957
93;0.18513346;0.20117746;0.19454501;0.20785159;0.20427721;0.198596946;0.008975752
94;0.18417211;0.20217189;0.19169794;0.20694077;0.20345564;0.19768767;0.009454427
95;0.18407917;0.20050739;0.1912224;0.20602865;0.20201517;0.196770556;0.008930783
96;0.18139575;0.19929053;0.19197467;0.20528642;0.20302309;0.196194092;0.009691337
97;0.18099243;0.19854378;0.18962699;0.20424056;0.20120827;0.194922406;0.009507104
98;0.17940185;0.19695222;0.19007112;0.20391422;0.20051226;0.194170334;0.009718718
99;0.17948829;0.19577393;0.18732512;0.20260725;0.19950676;0.19294027;0.009448341
100;0.17733084;0.19571517;0.1855659;0.20081309;0.19860717;0.191606434;0.00988604
101;0.17557228;0.19351717;0.18583618;0.20014721;0.19769326;0.19055322;0.009981093
102;0.17508025;0.19378178;0.18357897;0.20067734;0.19506428;0.189636524;0.010211787
103;0.173204;0.19484897;0.18278984;0.19904926;0.19557297;0.189093008;0.010798593
104;0.17340434;0.19154272;0.18274421;0.19890082;0.19536084;0.188390586;0.010313275
105;0.17329139;0.19051997;0.18363803;0.19783576;0.19357309;0.187771648;0.009608083
106;0.17125264;0.18864521;0.18138151;0.19677345;0.1928786;0.186186282;0.010112135
107;0.16986814;0.18921648;0.17923331;0.19577788;0.191552;0.185129562;0.010476331
108;0.16921534;0.18781179;0.17741877;0.19338862;0.19190636;0.183948176;0.010332858
109;0.16927768;0.18605134;0.17828661;0.1921594;0.19058134;0.183271274;0.009497791
110;0.16750014;0.18600553;0.17541323;0.19203091;0.18811762;0.181813486;0.010093887
111;0.16574047;0.18666637;0.17428989;0.19110431;0.18754158;0.181068524;0.010663635
112;0.16299695;0.18368776;0.17452381;0.18947741;0.18843312;0.17982381;0.011107155
113;0.16534697;0.18228954;0.17220197;0.19044512;0.18624218;0.179305156;0.010324895
114;0.16148678;0.18306697;0.17136141;0.18726413;0.18443639;0.177523136;0.010822958
115;0.16015734;0.18062275;0.17087535;0.18730812;0.18454851;0.176702414;0.01114793
116;0.16090322;0.17975337;0.16858898;0.1861194;0.18190547;0.175454088;0.010400847
117;0.15797939;0.17863388;0.16914045;0.18465094;0.18201503;0.174483938;0.010934581
118;0.15778077;0.17692957;0.16948112;0.18377093;0.18193416;0.17397931;0.010612327
119;0.15662501;0.17595361;0.16725322;0.18501985;0.17931865;0.172834068;0.011114788
120;0.15458797;0.17650233;0.16688486;0.18319743;0.17844272;0.171923062;0.011363053
121;0.15321814;0.17573783;0.16347194;0.18183388;0.17920468;0.170693294;0.012036742
122;0.15502413;0.1738686;0.16386169;0.18040062;0.17859411;0.17034983;0.010704454
123;0.15339848;0.17130235;0.16391309;0.17959968;0.17674261;0.168991242;0.010569836
124;0.15090746;0.17235121;0.16221827;0.17853175;0.17475594;0.167752926;0.011188963
125;0.14787268;0.17091217;0.16206397;0.17758962;0.17426138;0.166539964;0.011930354
126;0.14942116;0.17000963;0.16270775;0.17600798;0.17304975;0.166239254;0.010622457
127;0.14925718;0.16886924;0.15899541;0.178766;0.17259949;0.165697464;0.011658529
128;0.14684547;0.16903976;0.15665932;0.17438463;0.17128099;0.163642034;0.011551789
129;0.14546089;0.16693372;0.15861629;0.17407036;0.17147136;0.163310524;0.011577415
130;0.14750124;0.1648858;0.15640624;0.1740778;0.16970156;0.162514528;0.010650066
131;0.14309195;0.16470474;0.15621384;0.17308665;0.16887002;0.16119344;0.01188663
132;0.14272351;0.16473172;0.15630839;0.17146035;0.16907454;0.160859702;0.011667109
133;0.14267165;0.16268357;0.15630838;0.17134179;0.16725806;0.16005269;0.011207175
134;0.14174349;0.16217071;0.15299562;0.171353;0.16613722;0.158880008;0.011697838
135;0.13963648;0.16077248;0.15135072;0.16829373;0.16544899;0.15710048;0.011688895
136;0.13990762;0.16047869;0.15162907;0.16818467;0.16590125;0.15722026;0.011588617
137;0.13854348;0.16014015;0.15033596;0.16736836;0.16390984;0.156059558;0.011680536
138;0.13754395;0.1594228;0.15000887;0.1665809;0.1634921;0.155409724;0.01177476
139;0.13739801;0.15826568;0.1495532;0.1668584;0.16402544;0.155220146;0.011958263
140;0.13709213;0.15814319;0.14946586;0.16634743;0.16108477;0.154426676;0.011460184
141;0.13450391;0.15575629;0.14503111;0.16454715;0.16001533;0.151970758;0.012149697
142;0.13441558;0.15571338;0.1480466;0.16138957;0.16088305;0.152089636;0.011243474
143;0.13365681;0.15123267;0.14486357;0.16215724;0.16139532;0.150661122;0.011942243
144;0.13312473;0.15286515;0.14591784;0.16027449;0.15744618;0.149925678;0.010847015
145;0.13035525;0.15175524;0.14389712;0.16135629;0.16005585;0.14948395;0.012796446
146;0.13129162;0.15240111;0.14404338;0.15973052;0.15508624;0.148510574;0.011188287
147;0.12880156;0.150267;0.14234091;0.15867767;0.15751057;0.147519542;0.01233951
148;0.12906534;0.14999084;0.14079237;0.15717108;0.15441459;0.146286844;0.011456612
149;0.12766176;0.14864027;0.14124129;0.1566003;0.15401692;0.145632108;0.01163903
150;0.12737282;0.14702824;0.14366865;0.15586284;0.15329656;0.145445822;0.011207633
151;0.12612119;0.14658406;0.14574984;0.15645431;0.15221086;0.145424052;0.01163808
152;0.12514057;0.1479079;0.1410463;0.15387484;0.1522527;0.144044462;0.011675656
153;0.12413512;0.14480715;0.13740377;0.15310293;0.15312334;0.142514462;0.012184414
154;0.12687003;0.14336421;0.13929065;0.15193503;0.1492063;0.142133244;0.009857287
155;0.12368289;0.14304226;0.13630518;0.15509766;0.14982158;0.141589914;0.012256822
156;0.12114968;0.14355019;0.1331635;0.15075001;0.14871938;0.139466552;0.012296784
157;0.12054035;0.14180692;0.13610718;0.14963961;0.15010089;0.13963899;0.012159311
158;0.12488211;0.13938001;0.13432997;0.15055952;0.14622671;0.139075664;0.010088206
159;0.11969504;0.1411209;0.13235744;0.1495001;0.14491708;0.137518112;0.011785449
160;0.1185116;0.13949814;0.13255987;0.14862335;0.1464961;0.137137812;0.012175381
161;0.12196164;0.13752937;0.12970225;0.14844968;0.14525474;0.136579536;0.010932081
162;0.11959527;0.1371342;0.13096984;0.14553868;0.14445822;0.135539242;0.010690773
163;0.11763525;0.13549798;0.13083875;0.14627888;0.1424962;0.134549412;0.011196981
164;0.11777449;0.13523585;0.13063486;0.14602717;0.14057389;0.134049252;0.010770044
165;0.11498015;0.1364659;0.13019605;0.14367741;0.14263187;0.133590276;0.011722068
166;0.11708144;0.13611747;0.12744601;0.14501696;0.1415366;0.133439696;0.011294691
167;0.11705034;0.13242746;0.12759597;0.14285676;0.14023901;0.132033908;0.010353928
168;0.11434711;0.13154644;0.1281108;0.14238302;0.13878749;0.131034972;0.010910738
169;0.11406133;0.13134962;0.12440989;0.14238727;0.13846856;0.130135334;0.011315712
170;0.11158777;0.1304546;0.12347691;0.14058754;0.1387442;0.128970204;0.011885098
171;0.11202329;0.12937169;0.12396938;0.13997463;0.13898179;0.128864156;0.011550328
172;0.10990462;0.12781802;0.1249733;0.14048875;0.13718313;0.128073564;0.01200946
173;0.10900467;0.12887099;0.12371869;0.140678;0.13526933;0.127508336;0.012168371
174;0.1106393;0.12845378;0.12349273;0.13786792;0.13545577;0.1271819;0.010857408
175;0.10983748;0.12693615;0.12210128;0.13718835;0.13487848;0.126188348;0.010967368
176;0.10759174;0.12569459;0.12290813;0.13464741;0.13491715;0.125151804;0.011171538
177;0.1074366;0.12586724;0.1204802;0.1373816;0.1317825;0.124589628;0.011490409
178;0.10725977;0.1250123;0.11875739;0.13442315;0.13177885;0.123446292;0.010912889
179;0.10591;0.12505257;0.11892165;0.13253343;0.13231882;0.122947294;0.01107505
180;0.10561386;0.12382169;0.12007001;0.13339934;0.13114926;0.122810832;0.011021747
181;0.10360707;0.12366166;0.11997103;0.1318778;0.13034672;0.121892856;0.011317674
182;0.10367172;0.12277362;0.11818985;0.13295451;0.13063164;0.121644268;0.011671711
183;0.10582269;0.12372391;0.11899363;0.13056633;0.12917342;0.121655996;0.009974514
184;0.10344091;0.1202293;0.11658717;0.13162712;0.13053284;0.120483468;0.011520258
185;0.10370723;0.12044741;0.11458179;0.12945872;0.12819788;0.119278606;0.010595779
186;0.10136904;0.11750463;0.11478195;0.12983456;0.12769066;0.118236168;0.011411364
187;0.10215296;0.11647215;0.11551512;0.12766944;0.12601082;0.117564098;0.010202437
188;0.10021711;0.11557708;0.11364873;0.12661071;0.12628375;0.116467476;0.010863436
189;0.09853089;0.11548351;0.11264657;0.12589978;0.12583893;0.115679936;0.011302434
190;0.099091;0.1152844;0.11313905;0.12629085;0.1244557;0.1156522;0.010855955
191;0.0999366;0.11458426;0.11157117;0.12509621;0.12393239;0.115024126;0.010253705
192;0.09845824;0.11488239;0.11066741;0.12381921;0.12376436;0.114318322;0.010543766
193;0.0981085;0.11451239;0.11049931;0.12376531;0.12406766;0.114190634;0.010742375
194;0.09802277;0.11377773;0.11145624;0.12257832;0.12199757;0.113566526;0.009979995
195;0.09538701;0.11133496;0.11114016;0.12305291;0.12466831;0.11311667;0.011764259
196;0.09554518;0.11199606;0.10986954;0.12211975;0.12272187;0.11245048;0.011086627
197;0.09602679;0.11081112;0.10948617;0.12302026;0.12154067;0.112177002;0.010899428
198;0.09633667;0.11012997;0.1075159;0.12092899;0.12189829;0.111361964;0.010542908
199;0.09538325;0.10900745;0.10967459;0.11991839;0.12041458;0.110879652;0.01021897
200;0.09349039;0.10763001;0.10677042;0.11990333;0.11938709;0.109436248;0.010876794
201;0.09188194;0.10909175;0.10590414;0.11935693;0.11805743;0.108858438;0.011088548
202;0.09152732;0.10806724;0.10335689;0.11960976;0.11825075;0.108162392;0.011539549
203;0.09263808;0.10780822;0.10311213;0.11735078;0.11813201;0.107808244;0.010604569
204;0.09220515;0.10562146;0.1040068;0.11612308;0.11878402;0.107348102;0.010621147
205;0.09406048;0.1054448;0.10470393;0.11762594;0.11652661;0.107672352;0.00970217
206;0.09106764;0.10673792;0.1031798;0.11539658;0.11483702;0.106243792;0.009969515
207;0.09061546;0.10405624;0.10263825;0.11612837;0.11666723;0.10602111;0.010818215
208;0.09161102;0.10333029;0.10273137;0.11520494;0.11544711;0.105664946;0.009978371
209;0.08894856;0.10399691;0.10037624;0.11554338;0.11457852;0.104688722;0.010982492
210;0.0880194;0.10377971;0.09978624;0.11372646;0.11269369;0.1036011;0.010518704
211;0.08874869;0.10300045;0.09898876;0.11201822;0.11392429;0.103336082;0.010238329
212;0.08919045;0.10119124;0.0999664;0.11152519;0.11164064;0.102702784;0.009355157
213;0.08557071;0.099117;0.10073627;0.11397203;0.11133059;0.10214532;0.011292853
214;0.08454919;0.1007334;0.09824269;0.11428954;0.11130421;0.101823806;0.011807819
215;0.08411953;0.09953234;0.09824012;0.112677;0.11088725;0.101091248;0.011497713
216;0.08603448;0.09917878;0.09784282;0.11065036;0.11146578;0.101034444;0.010486986
217;0.08588536;0.09817133;0.09709002;0.11019181;0.10931297;0.100130298;0.010019414
218;0.08386313;0.09965025;0.09734802;0.11077077;0.1099592;0.100318274;0.010980011
219;0.083662;0.09899762;0.09640479;0.10797344;0.10853158;0.099113886;0.010164868
220;0.08596723;0.09621255;0.09507552;0.10816983;0.10956474;0.098997974;0.009858042
221;0.08507757;0.09568983;0.09523579;0.10624433;0.10812376;0.098074256;0.009359472
222;0.082687;0.09479397;0.09529566;0.10725286;0.10750996;0.09750789;0.010331069
223;0.0817738;0.09616276;0.09364925;0.10640334;0.10553268;0.096704366;0.010056815
224;0.08113469;0.09545287;0.09284015;0.10547214;0.10724166;0.096428302;0.01056457
225;0.08215784;0.09373774;0.09403728;0.10519093;0.10643401;0.09631156;0.009917559
226;0.08192024;0.09396789;0.0938341;0.10417304;0.1054073;0.095860514;0.009516549
227;0.07824151;0.09298351;0.09327152;0.10568389;0.10523305;0.095082696;0.011255304
228;0.07970789;0.09401767;0.09284907;0.10581065;0.1049835;0.095473756;0.010663704
229;0.07843561;0.09310009;0.09205215;0.10321501;0.10431504;0.09422358;0.010463278
230;0.07955676;0.09206886;0.09104692;0.10272968;0.10529597;0.094139638;0.010304925
231;0.08045199;0.09104436;0.08982981;0.1013109;0.10311562;0.093150536;0.009254873
232;0.07870028;0.09175461;0.09000257;0.10135274;0.1031578;0.0929936;0.009848433
233;0.07876576;0.08887877;0.09065982;0.10129207;0.10341932;0.092603148;0.010020077
234;0.07938799;0.08951326;0.09348116;0.10238057;0.10141419;0.093235434;0.009436528
235;0.07780588;0.08832421;0.09051828;0.10058824;0.10826665;0.093100652;0.011720544
236;0.07764906;0.08911233;0.08876454;0.10004073;0.10367556;0.091848444;0.010315201
237;0.07673108;0.08880676;0.08890176;0.10061849;0.10235391;0.0914824;0.010405264
238;0.07667842;0.08845834;0.08790973;0.09901541;0.10074286;0.090560952;0.009738118
239;0.07455702;0.08785657;0.08679895;0.10063649;0.09985407;0.08994062;0.010765067
240;0.07560065;0.08659301;0.08650059;0.0990182;0.0996879;0.08948007;0.010062634
241;0.07435885;0.08576892;0.08599223;0.09865496;0.09873714;0.08870242;0.010264468
242;0.07519222;0.08618197;0.08519215;0.09749426;0.09858179;0.088528478;0.00969468
243;0.07407831;0.0850894;0.08514951;0.09517505;0.09786628;0.08747171;0.009458326
244;0.0743486;0.08388123;0.08391166;0.09618561;0.09798109;0.087261638;0.009797193
245;0.07443686;0.08395276;0.08413784;0.09410546;0.0964793;0.086622444;0.008873304
246;0.07197956;0.08250354;0.08375254;0.09473248;0.09704501;0.086002626;0.010150092
247;0.07154094;0.08393848;0.08314325;0.09430546;0.09584485;0.085754596;0.009837123
248;0.07074884;0.08417884;0.08308911;0.09476255;0.09485544;0.085526956;0.009980857
249;0.07072441;0.08277067;0.08264514;0.09432736;0.09539265;0.085172046;0.010113933
250;0.07134108;0.08279839;0.0831402;0.09339702;0.09502506;0.08514035;0.009562757
251;0.0696172;0.08217986;0.08196153;0.09490086;0.09575295;0.08488248;0.010809717
252;0.07046329;0.08235409;0.08130405;0.09316631;0.09673493;0.084804534;0.010442497
253;0.07135751;0.08180779;0.0797126;0.09433172;0.09534955;0.084511834;0.010213557
254;0.07144125;0.08198899;0.08065688;0.08974178;0.09427098;0.083619976;0.008813084
255;0.06893644;0.07883733;0.08010279;0.09078764;0.09310447;0.082353734;0.00980006
256;0.06840309;0.08032483;0.08125985;0.09038231;0.0905686;0.082187736;0.009106835
257;0.06729009;0.07913765;0.07907521;0.09185057;0.09202743;0.08187619;0.010375877
258;0.06750759;0.0816385;0.07790003;0.08849825;0.09082799;0.081274472;0.009280343
259;0.06747863;0.07844753;0.07948525;0.08879362;0.0924548;0.081331966;0.009785691
260;0.06893055;0.07678788;0.07793881;0.09233547;0.0904724;0.081293022;0.009881478
261;0.06694293;0.07731371;0.07825294;0.09281228;0.09054997;0.081174366;0.010598539
262;0.06564165;0.07612971;0.07568793;0.08960756;0.09111181;0.079635732;0.010663599
263;0.06846684;0.07481962;0.0766786;0.08712626;0.08948116;0.079314496;0.008792159
264;0.0650877;0.07486078;0.07556387;0.0863194;0.08911202;0.078188754;0.009682822
265;0.06493016;0.07510616;0.07729642;0.08607701;0.08797259;0.078276468;0.009273599
266;0.06467331;0.07470284;0.07537424;0.08618628;0.08712186;0.077611706;0.009284883
267;0.06389566;0.07513571;0.07538536;0.08716609;0.08758987;0.077834538;0.009871915
268;0.06252429;0.0745582;0.07509343;0.08536344;0.08678851;0.076865574;0.009808355
269;0.06238208;0.07339494;0.07405006;0.08498347;0.08808983;0.076580076;0.01026183
270;0.06476525;0.07378625;0.07425249;0.08419665;0.08783489;0.076967106;0.009175338
271;0.06355368;0.07281131;0.07330493;0.08381044;0.08725864;0.0761478;0.009486737
272;0.0634317;0.07313946;0.07357993;0.08313171;0.08619079;0.075894718;0.009036864
273;0.06359604;0.0716259;0.07427519;0.08254372;0.08510003;0.075428176;0.008659703
274;0.06210747;0.07146274;0.07269207;0.08234157;0.08396076;0.074512922;0.008903142
275;0.06103668;0.07208764;0.07292495;0.08167708;0.08418071;0.074381412;0.009147644
276;0.0605262;0.07132394;0.07280477;0.08273657;0.08409737;0.07429777;0.009591329
277;0.06217598;0.07077028;0.07088345;0.08158109;0.08404998;0.073892156;0.008921439
278;0.06105049;0.06910486;0.07138692;0.08114404;0.08576262;0.073689786;0.009841186
279;0.06068474;0.06900588;0.07115576;0.08108382;0.08285636;0.072957312;0.009131083
280;0.05936112;0.06951031;0.07124245;0.08155078;0.08313999;0.07296093;0.009710993
281;0.05928782;0.06893798;0.07133023;0.08066369;0.0837094;0.072785824;0.009753282
282;0.06089579;0.06850814;0.07049626;0.08149157;0.08255795;0.072789942;0.009167851
283;0.05945141;0.06865316;0.07033538;0.07985705;0.08231504;0.072122408;0.009212733
284;0.05832632;0.06803998;0.06975783;0.07978154;0.08157645;0.071496424;0.009469311
285;0.05907643;0.06750832;0.06779114;0.07907843;0.08084929;0.070860722;0.009039257
286;0.05825453;0.06777939;0.06883659;0.07821365;0.08121578;0.070859988;0.009135105
287;0.05777108;0.06614999;0.06963649;0.07885046;0.08074931;0.070631466;0.009439091
288;0.05723626;0.06583241;0.06742895;0.07779617;0.07992655;0.069644068;0.009294829
289;0.05585738;0.06600714;0.06754307;0.07690715;0.07918933;0.069100814;0.009355519
290;0.05628023;0.06608401;0.06887755;0.07705063;0.07985873;0.06963023;0.009368154
291;0.05751784;0.06824752;0.06626902;0.07795426;0.079655;0.069928728;0.009072756
292;0.05612165;0.06765528;0.06656552;0.07590495;0.07951619;0.069152718;0.00910685
293;0.05552543;0.06613112;0.06576088;0.07616455;0.07931246;0.068578888;0.009448245
294;0.05601648;0.06516135;0.06528312;0.07564767;0.07910907;0.068243538;0.009228297
295;0.05604391;0.0639535;0.06430606;0.0752023;0.07946453;0.06779406;0.009434829
296;0.05529458;0.06379133;0.06496848;0.07525996;0.07776134;0.067415138;0.00914619
297;0.05421308;0.06209777;0.06462884;0.07437216;0.07603417;0.066269204;0.009034022
298;0.05522261;0.06233385;0.06455707;0.07428073;0.07604878;0.066488608;0.008660682
299;0.05376133;0.06254378;0.06401529;0.07355791;0.07642838;0.066061338;0.009103899
300;0.05322368;0.06226224;0.06389825;0.07322597;0.07582168;0.065686364;0.009080346
301;0.05236665;0.06219751;0.06357742;0.07310289;0.07618964;0.065486822;0.009475747
302;0.05320983;0.06118922;0.06412607;0.07321892;0.07507731;0.06536427;0.008982389
303;0.05252027;0.06096785;0.06358953;0.0724631;0.07470565;0.06484928;0.008996878
304;0.05183816;0.06118233;0.06178946;0.07384041;0.07480737;0.064691546;0.009643364
305;0.05240738;0.06133651;0.06175021;0.07188062;0.0738612;0.064247184;0.008740516
306;0.05100177;0.05960811;0.06208672;0.07107961;0.07397206;0.063549654;0.009225672
307;0.05217977;0.05910048;0.06272135;0.07028764;0.07366038;0.063589924;0.008622277
308;0.05034309;0.05920585;0.06048988;0.071812;0.07361709;0.063093582;0.009633585
309;0.04978425;0.06011342;0.06031362;0.07006051;0.07289668;0.062633696;0.009183262
310;0.0512527;0.05858151;0.06050349;0.0691972;0.07303591;0.062514162;0.008684746
311;0.05100193;0.05792693;0.0585495;0.07045488;0.07236599;0.062059846;0.00906055
312;0.04971929;0.05925995;0.05924347;0.06953021;0.07208437;0.061967458;0.00900438
313;0.04913587;0.0579263;0.0594779;0.06899354;0.07231302;0.061569326;0.009257192
314;0.04970909;0.05649113;0.05948198;0.0688627;0.07126644;0.061162268;0.008905183
315;0.04851218;0.05693559;0.05851369;0.06941538;0.0707757;0.060830508;0.009285555
316;0.04814288;0.05680226;0.05870403;0.06790495;0.07086993;0.06048481;0.00910995
317;0.04786059;0.05599878;0.05917249;0.06855798;0.07114124;0.060546216;0.009485967
318;0.04935142;0.0560568;0.05753535;0.0677304;0.07015323;0.06016544;0.008627368
319;0.04809475;0.05613385;0.05786004;0.06649045;0.07336017;0.060387852;0.009761269
320;0.04764099;0.05489552;0.05702001;0.06637138;0.07100523;0.059386626;0.009320805
321;0.04825285;0.05551924;0.05630442;0.06630656;0.07028841;0.059334296;0.008876068
322;0.04672819;0.0548208;0.05634758;0.06619192;0.06902911;0.05862352;0.009037373
323;0.04757483;0.05336431;0.05630771;0.06559465;0.06866283;0.058300866;0.00871722
324;0.04633049;0.0541796;0.05745193;0.06600696;0.06796362;0.05838652;0.008855951
325;0.04634934;0.05489407;0.0559691;0.06581284;0.06748407;0.058101884;0.00866668
326;0.04533741;0.05551776;0.05498344;0.06586759;0.06765461;0.057872162;0.009091632
327;0.04586348;0.0548398;0.05442987;0.06427088;0.06890404;0.057661614;0.00905093
328;0.04584237;0.0535313;0.05503737;0.06363453;0.06735162;0.057079438;0.008536949
329;0.0453271;0.05211567;0.05589945;0.06427699;0.066395;0.056802842;0.008694118
330;0.04377549;0.05173054;0.05469934;0.06481367;0.06643471;0.05629075;0.009427353
331;0.04430981;0.05357612;0.05420821;0.06503738;0.06654397;0.056735098;0.009163705
332;0.04426327;0.05283317;0.05223793;0.06291332;0.06709464;0.055868466;0.009120462
333;0.04551524;0.05224121;0.05307662;0.06286041;0.06677115;0.056092926;0.008597159
334;0.04517423;0.05065585;0.05224419;0.06278005;0.06571808;0.05531448;0.008630235
335;0.04340048;0.05084513;0.05380994;0.06184677;0.06432818;0.0548461;0.008470579
336;0.04206153;0.05033362;0.05364613;0.06278566;0.06434146;0.05463368;0.009195386
337;0.04264973;0.05162251;0.05325798;0.06178929;0.0641865;0.054701202;0.008617005
338;0.04202264;0.05081305;0.05316501;0.06170035;0.06464107;0.054468424;0.009024157
339;0.04319138;0.05048325;0.05190233;0.06185274;0.06411964;0.054309868;0.00861955
340;0.04262909;0.05059669;0.05144185;0.0606395;0.06437473;0.053936372;0.008647572
341;0.04342051;0.0494571;0.05066789;0.06131888;0.06453385;0.053879646;0.008776703
342;0.04342486;0.04924892;0.05048219;0.06019016;0.06318901;0.053307028;0.008172152
343;0.0419073;0.04845912;0.05021605;0.06016468;0.06357755;0.05286494;0.008867694
344;0.0410474;0.04895769;0.05093076;0.0599422;0.06218414;0.052612438;0.008591831
345;0.04097102;0.04835175;0.05070587;0.06027991;0.06203714;0.052469138;0.008729598
346;0.04082698;0.04842804;0.05032756;0.0593482;0.06170056;0.052126268;0.008491312
347;0.04033816;0.04815028;0.05073975;0.06000332;0.06325035;0.052496372;0.009243899
348;0.04051735;0.04795924;0.04971379;0.05998454;0.06247153;0.05212929;0.009037809
349;0.04106903;0.04895348;0.04919624;0.05844383;0.06285122;0.05210276;0.00860011
350;0.04028167;0.04773845;0.04849972;0.05819081;0.06252235;0.0514466;0.008877595
351;0.04064381;0.04733983;0.04893564;0.05841129;0.06152752;0.051371618;0.008514319
352;0.03953061;0.04637138;0.0496063;0.05796083;0.06106323;0.05090647;0.008726274
353;0.03934046;0.04659917;0.04794302;0.05789046;0.06071974;0.05049857;0.008737161
354;0.03904627;0.04681234;0.04850596;0.05745595;0.06074344;0.050512792;0.008690159
355;0.03841411;0.04622731;0.04678903;0.05821466;0.06067174;0.05006337;0.009221211
356;0.03901038;0.04691391;0.04723849;0.05652765;0.05980288;0.049898662;0.008315302
357;0.03836994;0.04485299;0.0469966;0.05685149;0.06075594;0.049565392;0.009116731
358;0.03875587;0.04531523;0.04698954;0.05600917;0.05861914;0.04913779;0.008125932
359;0.03724864;0.04439606;0.04670847;0.05637128;0.05936394;0.048817678;0.009029433
360;0.03825042;0.04480957;0.04631298;0.05594355;0.05795532;0.048654368;0.008187591
361;0.03713986;0.04397723;0.04594655;0.05593301;0.05899896;0.048399122;0.008964587
362;0.03717907;0.04417201;0.04573806;0.05630754;0.05850784;0.048380904;0.008882101
363;0.03716052;0.04403117;0.04538583;0.05505842;0.0582376;0.047974708;0.008583507
364;0.03682171;0.04354063;0.04554984;0.05435781;0.05837415;0.047728828;0.008638873
365;0.03649395;0.04349351;0.04469131;0.05435608;0.05751352;0.047309674;0.008546478
366;0.03650877;0.04321076;0.04466202;0.053907;0.05687849;0.047033408;0.008294215
367;0.03646262;0.04248451;0.0450748;0.05426908;0.05714554;0.04708731;0.008527394
368;0.03576599;0.04288657;0.04522934;0.05429802;0.05626277;0.046888538;0.008444768
369;0.0350932;0.04303454;0.04475765;0.05407255;0.05714233;0.046820054;0.008877652
370;0.03528523;0.04253999;0.04401014;0.05425613;0.05664538;0.046547374;0.008813728
371;0.03508178;0.04255294;0.04430003;0.05345201;0.05627272;0.046331896;0.008580357
372;0.03495847;0.04273808;0.04352745;0.05343978;0.05658723;0.046250202;0.008743509
373;0.03510101;0.04221738;0.04333498;0.0528284;0.0558789;0.045872134;0.00843114
374;0.03478765;0.0415765;0.04345239;0.05286683;0.05569214;0.045675102;0.008548941
375;0.03468726;0.04155885;0.04298723;0.05292355;0.05564495;0.045560368;0.008613549
376;0.03438659;0.0416309;0.04247657;0.05288375;0.05523458;0.045322478;0.008613118
377;0.03431159;0.04151891;0.04248395;0.05225665;0.05521629;0.045157478;0.008508792
378;0.03419293;0.04134658;0.04259944;0.05207413;0.05537034;0.045116684;0.008564784
379;0.03449243;0.04098494;0.04221;0.05188752;0.0547672;0.044868418;0.008322611
380;0.03346466;0.04067841;0.04157163;0.05148488;0.05498936;0.044437788;0.008714277
381;0.03320405;0.04007394;0.04168759;0.05084092;0.05429515;0.04402033;0.00851616
382;0.03344047;0.0395322;0.04130525;0.05099865;0.05374633;0.04380458;0.008403983
383;0.03280343;0.03960215;0.04133685;0.05108711;0.05382396;0.0437307;0.008633819
384;0.03248489;0.0398506;0.04094795;0.05085656;0.05388062;0.043604124;0.008703243
385;0.03288915;0.03927429;0.04091111;0.05035945;0.05371065;0.04342893;0.008491662
386;0.03232685;0.03941285;0.04065836;0.05030589;0.0528871;0.04311821;0.008416174
387;0.03229043;0.0384972;0.04124599;0.05003911;0.05275502;0.04296555;0.008407589
388;0.03216894;0.03866021;0.04037921;0.05037867;0.05248525;0.042814456;0.008474326
389;0.03186259;0.03920605;0.03978562;0.04999605;0.05264668;0.042699398;0.008519383
390;0.03197165;0.03902494;0.04014748;0.04974485;0.05326556;0.042830896;0.008606599
391;0.03164995;0.0385319;0.03979174;0.05001588;0.05222989;0.042443872;0.008543236
392;0.03184216;0.03857871;0.03979623;0.04925258;0.05236473;0.042366882;0.008353114
393;0.03128266;0.03818697;0.03900884;0.04953089;0.05232816;0.042067504;0.008684901
394;0.03152786;0.03792757;0.03896483;0.04868886;0.05223899;0.041869622;0.008440311
395;0.03096822;0.03718326;0.03897709;0.04884316;0.05166758;0.041527862;0.008561768
396;0.0310724;0.03748223;0.03896737;0.04852269;0.05115915;0.041440768;0.008274831
397;0.03045147;0.03739809;0.03879902;0.04866399;0.05129841;0.041322196;0.008563943
398;0.0307687;0.03728596;0.03863411;0.0486302;0.05111814;0.041287422;0.008429927
399;0.03069736;0.03720257;0.0377738;0.04825677;0.05081212;0.040948524;0.008365082
400;0.02997531;0.03704278;0.03865817;0.04765421;0.05108077;0.040882248;0.008492918
401;0.02997736;0.0363475;0.03832511;0.04788212;0.0508224;0.040670898;0.008567394
402;0.03000466;0.03646899;0.03780922;0.04801008;0.05022001;0.040502592;0.008433881
403;0.02928212;0.03661287;0.03813708;0.04765914;0.05043468;0.040425178;0.008608966
404;0.02947912;0.03618503;0.03754203;0.04727312;0.05074522;0.040244904;0.008650761
405;0.02971584;0.03607518;0.03727206;0.04731074;0.05029594;0.040133952;0.00848489
406;0.02970362;0.03585751;0.03756278;0.0470949;0.04985638;0.040015038;0.008315654
407;0.02942748;0.03593222;0.03700042;0.04682578;0.04956489;0.039750158;0.0082929
408;0.02899077;0.03602059;0.0365074;0.04668661;0.04940727;0.039522528;0.00838607
409;0.0290844;0.03529826;0.03651795;0.0461571;0.04952035;0.039315612;0.008360418
410;0.02875556;0.03514922;0.03621617;0.04622299;0.04934301;0.03913739;0.008464364
411;0.0285479;0.03498152;0.03646321;0.04601303;0.04880126;0.038961384;0.008322706
412;0.02815497;0.03470052;0.03628267;0.04608889;0.04881847;0.038809104;0.008514056
413;0.02810883;0.03476847;0.03615317;0.04605033;0.04845572;0.038707304;0.008416016
414;0.02793409;0.03492179;0.03591511;0.04590251;0.04847167;0.038629034;0.008444996
415;0.02799935;0.03491427;0.03588463;0.04557058;0.0485145;0.038576666;0.008369815
416;0.02804238;0.03447782;0.03551606;0.04548072;0.04836466;0.038376328;0.008372711
417;0.0281389;0.03436108;0.03558974;0.04526941;0.04798575;0.038268976;0.008192835
418;0.02765974;0.03413503;0.03555103;0.04532905;0.04815465;0.0381659;0.008434315
419;0.02764723;0.03428392;0.03521634;0.04511509;0.04801002;0.03805452;0.008359845
420;0.02766997;0.03412177;0.03502465;0.0448911;0.04795675;0.037932848;0.008324729
421;0.02754105;0.03404134;0.0351569;0.04489027;0.04762174;0.03785026;0.008262648
422;0.02721992;0.03369129;0.03471795;0.04491285;0.04748723;0.037605848;0.008404838
423;0.02705933;0.03369603;0.03478397;0.0444441;0.04739519;0.037475724;0.008321463
424;0.02703564;0.03336262;0.03438532;0.04456427;0.04745819;0.037361208;0.008445341
425;0.0270687;0.03341084;0.03470886;0.04423821;0.0469951;0.037284342;0.008195297
426;0.02655997;0.03305356;0.03440293;0.04427229;0.0472509;0.03710793;0.008503268
427;0.02674311;0.03331162;0.03422041;0.04412993;0.0467795;0.037036914;0.008261383
428;0.02643981;0.033064;0.03405997;0.04398306;0.04686924;0.036883216;0.00839271
429;0.02664647;0.03309366;0.0337732;0.04382367;0.04657677;0.036782754;0.008229647
430;0.02633503;0.03264953;0.03388829;0.04365852;0.04652245;0.036610764;0.008315743
431;0.02642676;0.03251264;0.03353141;0.04369749;0.04639628;0.036512916;0.008305437
432;0.0260936;0.03259275;0.03348192;0.04339602;0.04624576;0.03636201;0.008293194
433;0.02601251;0.03230536;0.03378337;0.04345799;0.04614286;0.036340418;0.008310138
434;0.02608363;0.03222993;0.03334989;0.04354509;0.04587077;0.036215862;0.008271916
435;0.02577549;0.03238004;0.03336325;0.04314236;0.04596959;0.036126146;0.008290411
436;0.02561812;0.03208264;0.03335811;0.04327105;0.04599108;0.0360642;0.008408002
437;0.02586537;0.03205173;0.03293412;0.04328372;0.04566346;0.03595968;0.008278377
438;0.02549648;0.03205734;0.03288047;0.04291624;0.04576409;0.035822924;0.008345882
439;0.02547909;0.0318002;0.03294617;0.04288971;0.04577921;0.035778876;0.008374221
440;0.02552657;0.03187976;0.03284073;0.04282365;0.04550227;0.035714596;0.008262841
441;0.02527887;0.03174133;0.03269327;0.04263232;0.04542025;0.035553208;0.008302771
442;0.02528246;0.03158095;0.03250016;0.0427327;0.0454118;0.035501614;0.008356312
443;0.02511734;0.03161622;0.03265258;0.04246438;0.04519044;0.035408192;0.008266744
444;0.0250815;0.03138047;0.03261975;0.0425036;0.04515212;0.035347488;0.008305255
445;0.02503389;0.03138239;0.03239381;0.0424028;0.04495904;0.035234386;0.008260023
446;0.0248404;0.03138847;0.03228353;0.04227324;0.04495086;0.0351473;0.008298358
447;0.02496317;0.03122233;0.03211888;0.04222199;0.04489975;0.035085224;0.008267942
448;0.02488417;0.03118301;0.03197593;0.04206905;0.04485694;0.03499382;0.008264003
449;0.02475465;0.03099563;0.03205631;0.04201441;0.04474909;0.034914018;0.008274618
450;0.02464984;0.03088665;0.03186436;0.04185986;0.04461913;0.034775968;0.008264564
451;0.02451927;0.03085674;0.0319242;0.04180008;0.04451652;0.034723362;0.008259774
452;0.02439935;0.03075526;0.03167883;0.04183073;0.04444416;0.034621666;0.008315003
453;0.02438912;0.03072013;0.03176158;0.04169651;0.044476;0.034608668;0.008295594
454;0.02428475;0.03058522;0.0316219;0.04165133;0.0443626;0.03450116;0.00831223
455;0.02429199;0.03061944;0.03162268;0.04153231;0.04425624;0.034464532;0.008248826
456;0.02414291;0.03049883;0.03149275;0.04156237;0.04415995;0.034371362;0.00829806
457;0.02413256;0.03054312;0.03146819;0.04142964;0.04408513;0.034331728;0.008247509
458;0.02406183;0.03045908;0.03131075;0.04144333;0.04408227;0.034271452;0.008294943
459;0.02407731;0.03044032;0.03127866;0.04128005;0.04397348;0.034209964;0.008227785
460;0.02397058;0.03026527;0.03128844;0.04120465;0.04396813;0.034139414;0.008262316
461;0.02399378;0.0302479;0.03120882;0.04130803;0.04381059;0.034113824;0.008239897
462;0.02385902;0.03023434;0.03120968;0.04117523;0.04375944;0.034047542;0.008239006
463;0.02381054;0.03018526;0.03109445;0.04113957;0.04387392;0.034020748;0.00829586
464;0.0238364;0.03015768;0.03100883;0.04106894;0.04377272;0.033968914;0.008253491
465;0.02377464;0.030042;0.03098447;0.04098377;0.04364558;0.033886092;0.008231989
466;0.02372739;0.03000244;0.0309147;0.04095935;0.0435758;0.033835936;0.008231342
467;0.02361604;0.02997268;0.03087708;0.04091663;0.04356007;0.0337885;0.008258475
468;0.02358686;0.02991119;0.03084485;0.04089603;0.04348686;0.033745158;0.008251331
469;0.0235689;0.02989755;0.03073675;0.04084917;0.04347083;0.03370464;0.008253156
470;0.02349868;0.02982946;0.03073264;0.04074929;0.04342246;0.033646506;0.008247085
471;0.02350614;0.02974467;0.03069499;0.04074736;0.04339015;0.033616662;0.008248016
472;0.02345536;0.02971223;0.03063698;0.04067571;0.04332062;0.03356018;0.008236446
473;0.0233964;0.02969814;0.03059271;0.04065352;0.04329792;0.033527738;0.008248598
474;0.02336181;0.02966913;0.03051987;0.04061268;0.04327051;0.0334868;0.008252149
475;0.02332749;0.02960833;0.03054397;0.04054809;0.04323171;0.033451918;0.008242168
476;0.02330356;0.02957528;0.03050614;0.04058203;0.04316499;0.0334264;0.008244303
477;0.02325891;0.02958458;0.03049464;0.0405248;0.0431413;0.033400846;0.008238567
478;0.02323209;0.02953975;0.0304677;0.04049249;0.04313712;0.03337383;0.008246178
479;0.02322557;0.0295002;0.03042511;0.04046557;0.04309055;0.0333414;0.008236949
480;0.02320124;0.02949399;0.03038831;0.04044194;0.04307535;0.033320166;0.008238801
481;0.02317697;0.02946071;0.0303639;0.04039364;0.04304496;0.033288036;0.008232858
482;0.02317151;0.02943144;0.03032598;0.04039256;0.04302735;0.033269768;0.008235867
483;0.02314513;0.02940922;0.03032117;0.04036583;0.0429827;0.03324481;0.008227976
484;0.02310618;0.02939212;0.03029072;0.04034531;0.04297304;0.033221474;0.008237332
485;0.02309881;0.02937913;0.03028731;0.04032249;0.04294617;0.033206782;0.008228522
486;0.02307269;0.0293551;0.03024359;0.040314;0.0429284;0.033182756;0.008236129
487;0.0230592;0.02934762;0.0302175;0.04027239;0.0429132;0.033161982;0.008229971
488;0.02304254;0.02931233;0.03020677;0.04026059;0.04290913;0.033146272;0.008236384
489;0.02304105;0.0292977;0.03019024;0.04024816;0.04287359;0.033130148;0.008226806
490;0.02301378;0.02928948;0.03017782;0.04022607;0.04285986;0.033113402;0.008228394
491;0.02299849;0.02926816;0.03016576;0.04021572;0.04284633;0.033098892;0.008230396
492;0.02299221;0.02926461;0.0301534;0.04020716;0.04283278;0.033090032;0.008227975
493;0.02298431;0.02925596;0.03014528;0.04019881;0.04282346;0.033081564;0.008227565
494;0.02297489;0.0292468;0.03013183;0.04019357;0.04281718;0.033072854;0.008229728
495;0.02296819;0.02924184;0.03012921;0.0401775;0.04281268;0.033065884;0.008227787
496;0.02296306;0.02923306;0.03012214;0.04017845;0.04280546;0.033060434;0.00822908
497;0.02295822;0.02923268;0.03011819;0.04017241;0.04279956;0.033056212;0.008227909
498;0.02295481;0.02923005;0.03011336;0.04017019;0.04279829;0.03305334;0.008228836
499;0.02295337;0.02922787;0.03011227;0.04016617;0.04279587;0.03305111;0.008228042
